querycode,query,num_ads,num_clicks,num_impressions,num_word,brand,location,log_trans,avg_ad_quality,log_imp,avg_num_ads,categoryid
1,yellow pages,124614,6984,15943,2,1,0,2.3025851,0.05732561,9.6767751,7.7962115,10
2,sears,83599,6149,12498,1,1,0,3.8501476,0.07572037,9.4333239,6.6594655,8
3,lowes,108271,6095,14019,1,0,0,3.6375862,0.06017457,9.5481688,7.7056851,13
4,white pages,114079,5362,14676,2,0,1,2.5649494,0.04956773,9.5939688,7.7540202,10
5,verizon wireless,78519,4589,9916,2,1,0,3.3322045,0.06531274,9.2019049,7.8947156,11
6,walmart,141624,4284,24851,1,1,0,3.4011974,0.02957067,10.120653,5.692286,8
7,map quest,95539,4221,25120,2,1,0,2.0794415,0.03803787,10.13142,3.789371,18
8,staples,37062,3834,6846,1,1,1,3.1354942,0.10667664,8.8314198,5.3936605,8
9,travelocity,67370,3627,8669,1,1,0,4.1588831,0.05692789,9.0675087,7.7545276,4
10,kohls,39373,3263,7637,1,0,0,3.7376696,0.08357674,8.9407601,5.1220374,8
11,circuit city,27842,3220,8796,2,0,0,3.6375862,0.12307432,9.0820524,3.14211,10
12,firefox,36639,3108,4699,1,0,0,1.6094379,0.08699509,8.455105,7.7424984,11
13,kelly blue book,48841,2918,7046,3,1,1,4.8362819,0.05637637,8.8602154,6.9142776,2
14,limewire,47988,2883,6084,1,0,0,2.3978953,0.05735934,8.7134177,7.8408941,11
15,netflix,7380,2761,6215,1,1,0,2.9957323,0.38654632,8.734721,1.1607401,3
16,office depot,6515,2482,5483,2,1,0,3.6375862,0.38988667,8.6094077,1.1657852,13
17,old navy,23566,2408,5509,2,1,0,3.6635616,0.10441903,8.6141384,4.2617535,8
18,weather,120285,2371,15646,1,0,0,1.6094379,0.01982882,9.6579706,7.6767864,18
19,orbitz,6356,2341,5351,1,1,0,3.7841896,0.38354483,8.5850387,1.168006,4
20,7 wonders world,104563,2247,23873,3,0,0,0.69314718,0.01160091,10.080503,4.3723034,19
21,mapquest,197124,2164,80601,1,1,0,2.1972246,0.00891853,11.297266,2.444188,18
22,kmart,31114,2157,4880,1,1,0,3.7841896,0.05648731,8.4929005,6.3381148,8
23,united airlines,40694,2133,5159,2,1,0,3.2580965,0.05623949,8.548498,7.8672223,4
24,games,66610,2066,8431,1,0,0,1.0986123,0.02354768,9.0396707,7.8739177,5
25,verizon,70556,2003,8932,1,1,0,2.944439,0.0193258,9.0973956,7.8807658,11
26,yahoo mail,39120,1931,29095,2,0,0,1.7917595,0.02128375,10.278322,1.3409177,11
27,people search,35152,1924,4457,2,0,0,1.3862944,0.04037366,8.4022312,7.8411488,6
28,paypal,28112,1759,4731,1,0,0,3.9512437,0.0654755,8.4618919,5.9351089,9
29,office max,21899,1724,3309,2,1,1,3.4657359,0.08366083,8.1044013,6.5929284,13
30,cingular,32199,1701,9669,1,0,0,2.7080502,0.05340729,9.1766802,3.3204054,11
31,eharmony,23464,1678,4375,1,0,0,0.69314718,0.06974886,8.3836618,5.3494857,6
32,direct tv,9766,1668,3272,2,1,0,3.2188758,0.17967708,8.0931567,2.9605746,3
33,blockbuster,29444,1583,3898,1,1,0,3.1354942,0.05661009,8.2682189,7.5269369,3
34,halloween costum,25720,1578,3277,2,0,0,3.3672958,0.06149025,8.0946836,7.8010375,16
35,cheap tickets,25639,1547,3251,2,0,0,5.123964,0.06541611,8.0867179,7.8625038,4
36,weight watchers,28790,1534,3651,2,1,0,2.1972246,0.05723175,8.2027564,7.8537387,1
37,nordstrom,4234,1504,2936,1,1,0,3.5263605,0.35576532,7.9848034,1.4294959,17
38,bank of america,193965,1493,32872,3,1,0,2.7080502,0.0101938,10.400377,5.8985459,9
39,toyota,27518,1493,3962,1,1,0,2.7080502,0.05231487,8.2845042,6.9278142,2
40,us airways,26974,1477,3429,2,0,0,2.7080502,0.06232975,8.140024,7.8471858,4
41,pogo,29693,1455,11391,1,0,0,2.0794415,0.05319246,9.3405788,2.600913,5
42,windows vista,144221,1376,21210,2,0,0,2.7080502,0.01081961,9.962228,6.793918,11
43,aaa,6011,1360,2482,1,0,0,3.0910425,0.22894885,7.81682,2.4073328,4
44,barnes and noble,7307,1341,3744,3,0,1,3.6635616,0.17965566,8.2279098,1.9399038,19
45,monster,4591,1339,4006,1,0,0,2.0794415,0.29438107,8.2955485,1.1385422,5
46,pottery barn,14040,1321,3031,2,0,0,3.912023,0.09323459,8.0166479,4.6176179,8
47,hotels,16381,1313,2068,1,0,0,3.988984,0.07882076,7.6343372,7.8863636,4
48,gap,13916,1265,2626,1,0,0,3.1354942,0.08993329,7.8732171,5.280655,8
49,avg,18243,1246,2296,1,0,0,2.6390573,0.05146442,7.7389238,7.8906794,11
50,radio shack,19874,1173,2596,2,1,0,2.7725887,0.06252101,7.8617271,7.6406009,11
51,delta airlines,38014,1153,4827,2,1,1,3.2188758,0.03303547,8.4819804,7.8628548,4
52,altigen,6222,1108,728,1,0,0,2.7725887,0.19086817,6.590301,7.9368132,11
53,goggle,28656,1101,11262,1,1,0,2.0794415,0.02769728,9.3291895,2.5372936,17
54,check yahoo mail,10851,1094,5377,3,0,0,1.3862944,0.01531002,8.5898859,2.0039055,11
55,scottrade,2446,1083,1866,1,1,0,3.4339872,0.45130511,7.5315524,1.2968917,9
56,zappos,17545,1044,2236,1,1,0,3.4657359,0.06164863,7.7124438,7.8260286,17
57,chase,51066,1041,7430,1,1,0,1.9459101,0.02273101,8.9132811,6.8676985,9
58,jet blue,21845,1029,3144,2,1,0,3.2580965,0.05379895,8.0532512,6.9344784,4
59,jetblue,17720,1027,2548,1,1,0,3.2580965,0.05517652,7.843064,6.9324961,4
60,marriott,12270,1025,2321,1,0,0,2.5649494,0.08377097,7.7497534,5.2576476,4
61,used cars,15754,1020,1995,2,0,0,4.060443,0.06172997,7.5983993,7.8581454,2
62,free games,31253,1018,3952,2,0,0,0.69314718,0.02566811,8.2819771,7.8833502,5
63,baby names,24268,1010,3079,2,0,0,0.69314718,0.04453145,8.0323601,7.8587204,6
64,dish network,22547,986,2855,2,1,0,3.3322045,0.04582714,7.9568271,7.8805604,3
65,adobe,18948,983,2718,1,1,0,2.3025851,0.0567989,7.9076516,6.9389257,11
66,sex,18073,963,6258,1,0,0,1.9459101,0.04045349,8.7416159,2.8705657,7
67,directv,7544,962,1874,1,1,0,2.7725887,0.10916698,7.5358305,4.0090715,3
68,wamu,45542,951,6715,1,1,0,2.1972246,0.0189382,8.8120991,6.77379,9
69,honda,26128,945,3318,1,0,0,2.6390573,0.03614757,8.1071175,7.8607595,2
70,weather channel,50816,945,8753,2,0,0,1.0986123,0.01741018,9.0771518,5.7968696,18
71,comcast,57491,944,8268,1,1,0,3.5835189,0.01668416,9.0201479,6.9476294,11
72,kelley blue book,16560,939,2407,3,1,0,4.7273878,0.0631922,7.7861364,6.8670544,2
73,chat,23488,931,2960,1,0,0,2.5649494,0.03393799,7.9929445,7.9006757,15
74,jobs,19580,927,2487,1,0,0,0.69314718,0.03538831,7.8188324,7.8435867,10
75,area codes,17830,926,2434,2,0,0,1.9459101,0.04958754,7.7972913,7.3044371,10
76,flowers,12054,922,1523,1,0,0,3.5263605,0.07656804,7.3284374,7.8496389,16
77,nissan,18198,909,2306,1,1,0,3.0445224,0.05086211,7.7432697,7.8690373,2
78,you tube videos,22332,895,4277,3,0,0,1.9459101,0.01015136,8.3610071,5.204115,15
79,delta,32556,881,4134,1,0,1,2.8332133,0.02994498,8.3270007,7.8671988,4
80,lowe's,14279,873,1875,1,1,0,3.3322045,0.06341187,7.5363639,7.5968,13
81,overstock,2303,872,1928,1,1,0,4.1431347,0.38414496,7.5642385,1.1825726,13
82,big brother,20189,867,3017,2,1,0,0,0.02593568,8.0120182,6.6682135,3
83,chicktionary,12551,853,1899,1,0,0,2.4849067,0.02719882,7.5490827,6.5855714,5
84,recipes,29065,851,3680,1,0,0,1.7917595,0.02455585,8.210668,7.882337,1
85,fandango,14104,849,2486,1,0,0,3.2958369,0.05529861,7.8184303,5.6613033,3
86,at&t,32607,842,4707,2,1,0,2.8332133,0.02364044,8.456806,6.9173571,11
87,victoria secret,16695,838,2175,2,1,0,3.2580965,0.06039696,7.6847839,7.6625287,16
88,hp,29790,821,3789,1,0,0,3.1780538,0.03026802,8.2398574,7.8508841,11
89,consumer reports,15492,818,1965,2,0,0,4.8121844,0.05388319,7.5832475,7.870229,9
90,airline tickets,11954,813,1517,2,0,0,4.9628446,0.0625307,7.32449,7.8464074,4
91,mozilla firefox,10250,812,1291,2,0,0,1.3862944,0.07516004,7.1631724,7.8892332,11
92,fedex,16767,807,4753,1,0,0,3.3672958,0.04141947,8.4665313,3.52409,10
93,free credit repo,16845,801,2134,3,1,0,2.3978953,0.04823959,7.6657534,7.8678538,9
94,driving directio,33650,792,4950,2,0,0,1.0986123,0.01710862,8.5071429,6.7836364,10
95,hotwire,13550,787,1764,1,0,0,3.8286414,0.02608142,7.4753392,7.664966,4
96,dodge,13384,786,1690,1,1,0,2.3025851,0.05843378,7.4324838,7.9011834,2
97,jeep,11044,781,1396,1,1,0,2.4849067,0.07066862,7.2413663,7.8904011,2
98,clip art,13483,779,1716,2,0,0,1.0986123,0.04479817,7.4477513,7.8210956,6
99,dmv,12777,773,1937,1,0,0,1.0986123,0.06433891,7.5688957,6.580795,7
100,priceline,2653,767,2260,1,1,0,4.2766661,0.28897306,7.7231201,1.1632743,4
101,gnc,11232,765,1425,1,1,0,3.7612001,0.07119181,7.2619271,7.8708772,1
102,travel,10385,755,1493,1,0,0,3.4011974,0.05249178,7.3085428,6.9303416,4
103,wells fargo,73742,754,13816,2,1,1,3.1780538,0.01254833,9.5335826,5.3346844,9
104,skype,11108,752,1590,1,1,0,2.7725887,0.06958464,7.3714893,6.9358491,11
105,dex,15584,749,2425,1,0,0,2.3978953,0.028177,7.7935868,6.4119588,10
106,ikea,32477,737,4883,1,1,0,3.0910425,0.02069262,8.4935151,6.6407946,13
107,lane bryant,12374,730,1579,2,0,1,3.6635616,0.06133215,7.364547,7.7986067,8
108,yahoo messenger,14816,728,3529,2,0,0,1.6094379,0.04304575,8.1687698,4.180221,11
109,sports authority,14369,720,2004,2,1,0,2.3025851,0.04899193,7.6029005,7.1591816,8
110,mozilla,10908,718,1385,1,0,0,1.3862944,0.07320711,7.2334554,7.8368231,11
111,hertz,12643,712,1824,1,1,0,2.8903718,0.05970388,7.5087872,6.9205044,2
112,fed ex,12691,711,2456,2,0,0,3.4965076,0.06327895,7.8062893,5.1620521,10
113,music,28434,709,3621,1,0,0,1.0986123,0.02069581,8.1945055,7.8337476,0
114,people finder,10509,704,1329,2,0,0,1.3862944,0.04600884,7.1921821,7.8728367,10
115,american eagle,14000,694,1810,2,0,1,2.9957323,0.05196665,7.5010821,7.7082873,8
116,western union,6553,693,1349,2,1,1,3.5263605,0.11038687,7.2071189,4.8339511,9
117,century 21,12205,686,1762,2,1,1,3.0445224,0.05865791,7.4742048,6.900681,10
118,craigslist,191525,678,39522,1,1,0,2.1972246,0.00769323,10.584613,4.8449218,10
119,petco,9050,678,1388,1,1,0,2.4849067,0.08345953,7.2356191,6.5057637,12
120,chase bank,19036,677,2750,2,1,1,2.7725887,0.03597816,7.9193562,6.9087273,9
121,ford,18960,676,2735,1,0,0,2.6390573,0.03611881,7.9138867,6.9191956,2
122,ups tracking,12622,663,4134,2,0,0,3.1354942,0.0159787,8.3270007,3.044509,10
123,adobe reader,10839,647,1563,2,1,0,1.9459101,0.07190242,7.3543623,6.9014715,11
124,kbb,13099,647,1899,1,0,0,4.5951198,0.05615002,7.5490827,6.88099,2
125,lands end,7202,647,1508,2,0,0,3.2958369,0.09423151,7.3185395,4.744695,8
126,vanguard,11464,646,1540,1,0,0,1.7917595,0.06120179,7.3395377,7.4298701,9
127,crate and barrel,10543,645,1472,3,0,0,3.912023,0.06439627,7.2943773,7.1487772,8
128,coach,12732,643,1638,1,1,0,2.7080502,0.05079487,7.4012313,7.7582418,17
129,zip codes,23771,637,5404,2,0,0,2.1972246,0.01501769,8.5948947,4.3941525,10
130,nordstroms,4607,636,1278,1,1,0,3.4339872,0.14683371,7.1530516,3.5899844,17
131,fantasy football,11240,635,1616,2,0,0,0.69314718,0.05366056,7.3877092,6.9133663,14
132,oriental trading,9528,627,1270,2,0,0,3.3322045,0.05394415,7.1467722,7.4677165,16
133,cvs,10695,626,1815,1,1,0,2.9957323,0.06373325,7.5038407,5.8798898,12
134,big brother 8,42840,621,6332,3,1,0,0,0.02564447,8.7533714,6.7599495,3
135,resume,8396,620,1061,1,1,0,1.7917595,0.05907257,6.9669671,7.8539114,6
136,wal mart,13715,618,3504,2,1,1,3.4011974,0.04093389,8.1616605,3.9049658,8
137,coldwater creek,8625,615,1342,2,1,1,3.3322045,0.07852765,7.2019163,6.4061103,8
138,papa johns,6178,606,1246,2,1,0,4.2766661,0.10625313,7.1276937,4.9454254,14
139,msn,55875,605,15413,1,1,0,1.9459101,0.01330381,9.6429666,3.6206449,11
140,webkinz,93589,604,15758,1,0,0,3.2188758,0.00830249,9.6651035,5.9345729,16
141,phone book,7181,596,908,2,0,0,2.9957323,0.05961912,6.8112444,7.8623348,10
142,macys,47468,595,6120,1,0,0,4.0430513,0.01494044,8.7193174,7.7513072,8
143,enterprise,12017,594,1540,1,0,1,2.0794415,0.03188912,7.3395377,7.7896104,11
144,verizonwireless,11675,592,1477,1,0,0,2.8332133,0.04233432,7.2977683,7.8821936,11
145,allegiant air,9150,588,1172,2,0,0,3.1354942,0.0704763,7.066467,7.7841297,4
146,classmates,9291,586,1223,1,0,0,1.0986123,0.06094718,7.1090621,7.5699101,6
147,dictionary,70710,584,18039,1,0,0,0,0.00891336,9.8002914,3.9179555,6
148,victorias secret,10190,584,1296,2,1,0,3.3322045,0.0597914,7.1670379,7.8441358,16
149,amazon books,12024,581,1688,2,0,0,3.6888795,0.03475918,7.4312997,7.0959716,19
150,pandora,13244,578,1925,1,0,0,2.4849067,0.04772535,7.5626812,6.8711688,0
151,snapfish,8443,577,1088,1,0,0,3.8501476,0.06701598,6.9920964,7.7150735,6
152,winzip,6859,572,874,1,0,0,1.7917595,0.07477349,6.7730804,7.8020595,11
153,blue book,9854,569,1417,2,1,0,4.3820266,0.06568216,7.2562972,6.9322512,2
154,usairways,9476,568,1201,1,0,0,2.944439,0.05947956,7.0909098,7.8634471,4
155,hollister,12381,567,1613,1,1,1,2.7725887,0.04862105,7.3858511,7.6707998,8
156,411,7507,563,1209,1,0,0,2.1972246,0.05833081,7.0975489,6.1770058,7
157,washington mutua,30808,562,4478,2,0,1,2.6390573,0.02086671,8.4069318,6.8715945,9
158,gymboree,9067,560,1228,1,0,0,3.912023,0.06502062,7.1131421,7.3680782,8
159,lexus,9536,558,1209,1,1,0,2.5649494,0.05653894,7.0975489,7.8560794,2
160,yahoo personals,13010,558,1797,2,0,0,2.944439,0.04401096,7.4938739,7.2287145,6
161,time warner cabl,12612,557,1813,3,0,1,3.2188758,0.04663902,7.5027382,6.9338114,11
162,sex toys,5879,556,746,2,0,0,3.1780538,0.09367052,6.6147256,7.8123324,15
163,bellsouth,21588,554,3134,1,1,0,3.6635616,0.02180174,8.0500654,6.8797064,11
164,borders,13274,551,1933,1,1,0,1.6094379,0.04404632,7.5668285,6.8541128,19
165,phentermine,5841,548,741,1,0,0,3.1354942,0.0906813,6.6080006,7.7651822,12
166,sams club,27701,545,4869,2,1,0,3.1780538,0.00981487,8.4906439,5.6841241,8
167,comfort inn,7869,544,998,2,0,1,2.3025851,0.07490281,6.9057533,7.8657315,4
168,msn messenger,19366,544,7282,2,1,0,2.3978953,0.01403212,8.8931608,2.65298,11
169,us air,10141,544,1291,2,0,0,2.5649494,0.04923216,7.1631724,7.8481797,4
170,yellowpages,12313,542,1605,1,1,0,2.3025851,0.05623853,7.380879,7.6498442,10
171,harley davidson,14132,541,2030,2,0,1,1.3862944,0.03941493,7.6157911,6.944335,2
172,whitepages,10120,537,1322,1,0,0,2.5649494,0.05955226,7.186901,7.6331316,10
173,real player,5602,535,708,2,1,0,1.6094379,0.0995125,6.5624441,7.8107345,11
174,vonage,10045,533,1283,1,1,0,3.3322045,0.05348799,7.1569564,7.8113796,11
175,eddie bauer,7619,532,1020,2,0,0,3.8066625,0.07390518,6.9275579,7.45,8
176,ares,7896,525,1207,1,0,0,0.69314718,0.05984526,7.0958932,6.4954432,11
177,united,10820,524,1394,1,0,0,2.5649494,0.05528706,7.2399326,7.7482066,7
178,free people sear,10490,515,1358,3,0,0,2.0794415,0.04860693,7.2137683,7.6907216,6
179,amazon,54258,514,14879,1,0,0,3.5553481,0.0061654,9.6077061,3.6448014,11
180,ipod,14930,512,1905,1,1,0,3.5553481,0.03652767,7.5522373,7.8215223,11
181,usair,8050,512,1014,1,0,0,2.4849067,0.0582017,6.9216582,7.913215,7
182,cheap flights,9586,510,1220,2,0,0,5.0875963,0.05048883,7.1066061,7.8377049,4
183,aa,7542,509,1153,1,0,0,2.8903718,0.06050603,7.0501225,6.5134432,9
184,chat rooms,10939,508,1379,2,0,0,1.7917595,0.04308262,7.2291139,7.8984772,15
185,mega millions,8435,508,3306,2,0,0,2.4849067,0.03251328,8.1034943,2.5399274,0
186,lottery,10766,505,1769,1,0,0,1.9459101,0.02114745,7.4781697,6.0531374,0
187,eastbay,7977,503,1192,1,0,0,2.3978953,0.06827498,7.0833878,6.6770134,7
188,nextel,16197,499,2330,1,1,0,3.2188758,0.03783202,7.7536235,6.9304721,11
189,car rental,7955,495,1014,2,0,0,4.4067192,0.06982547,6.9216582,7.795858,2
190,neiman marcus,1605,491,1153,2,1,1,3.6109179,0.30285437,7.0501225,1.3798786,8
191,avon,8553,481,1093,1,0,0,2.0794415,0.05713578,6.9966815,7.8087832,9
192,disney channel,15972,479,7451,2,1,0,0.69314718,0.01207714,8.9161035,2.1352839,3
193,microsoft,22526,478,4008,1,0,0,2.7725887,0.01877418,8.2960476,5.6147705,11
194,fidelity,18812,473,2774,1,1,0,2.5649494,0.02610372,7.9280456,6.7692862,9
195,hyundai,7463,473,1070,1,1,0,2.8903718,0.06504525,6.9754139,6.9579439,2
196,iphone,9709,472,1396,1,1,0,2.944439,0.04727851,7.2413663,6.9362464,11
197,banana republic,2109,471,1313,2,1,1,3.4339872,0.21924865,7.1800699,1.6024372,8
198,mcafee,6760,470,855,1,1,1,2.5649494,0.0771444,6.7511015,7.8643275,11
199,chrysler,7920,468,1004,1,0,0,2.4849067,0.05338308,6.9117473,7.8695219,2
200,books,8096,466,1027,1,0,0,3.988984,0.04792214,6.9343972,7.8510224,19
201,chadwicks,5758,466,916,1,0,0,2.7725887,0.08687155,6.8200164,6.2663755,1
202,screensavers,6239,457,785,1,0,0,1.0986123,0.06838076,6.6656837,7.8751592,11
203,days inn,7025,452,893,2,1,0,2.4849067,0.06817925,6.7945866,7.837626,4
204,ecards,8217,449,1047,1,0,0,1.9459101,0.05582196,6.9536842,7.8070678,6
205,auto trader,23010,448,4537,2,1,0,3.6888795,0.02373013,8.4200213,5.067225,2
206,directions,12799,448,1863,1,0,0,0.69314718,0.02308032,7.5299434,6.8593666,10
207,hallmark,2146,448,1231,1,1,0,3.2188758,0.2074008,7.1155821,1.7376117,6
208,frontier airline,14206,443,2044,2,0,0,3.4339872,0.03458353,7.622664,6.9452055,4
209,victoria's secre,7441,442,970,2,1,0,3.3322045,0.06041505,6.8772961,7.6587629,16
210,phone numbers,5016,441,631,2,0,0,2.7080502,0.05741486,6.4473059,7.8954041,10
211,house plans,9526,440,1201,2,0,0,2.3025851,0.04756696,7.0909098,7.8992506,13
212,ticket master,16389,440,2378,2,1,0,4.0943446,0.03089159,7.7740151,6.8805719,0
213,aarp,11340,439,1443,1,0,0,2.0794415,0.03975909,7.2744796,7.8406098,9
214,trip advisor,9237,439,1204,2,0,0,1.7917595,0.04579016,7.0934046,7.6561462,4
215,macy's,32564,438,4284,1,1,0,4.0775374,0.01045348,8.3626424,7.592437,8
216,tire rack,6747,438,886,2,0,0,3.5835189,0.07182996,6.786717,7.5936795,2
217,bloomingdales,9278,437,1226,1,0,0,4.0943446,0.04801741,7.1115121,7.5424144,8
218,free ringtones,7031,436,890,2,0,0,1.7917595,0.05574154,6.7912215,7.8662921,11
219,job search,8886,433,1122,2,0,0,1.3862944,0.03613863,7.0228681,7.8885918,10
220,toys r us,25894,433,3790,3,0,0,3.5553481,0.01914804,8.2401213,6.8261214,8
221,kohl's,11620,432,1788,1,1,0,3.6375862,0.03865754,7.488853,6.48434,8
222,jenny craig,6150,428,773,2,1,1,2.5649494,0.06962789,6.650279,7.9249677,1
223,dhl,11810,427,2482,1,0,0,3.2958369,0.0378619,7.81682,4.7425463,10
224,cingular wireles,6796,422,2060,2,0,0,2.7080502,0.05293151,7.6304613,3.2839806,11
225,yahoo,366525,418,251683,1,1,0,2.3978953,0.00374437,12.435926,1.4560817,11
226,bmi,6796,416,861,1,0,0,1.7917595,0.04770226,6.7580945,7.8490128,1
227,nada,27101,415,3536,1,0,0,2.3978953,0.01488038,8.1707514,7.6561086,2
228,kayak,8534,414,1081,1,0,0,3.1354942,0.06453953,6.9856418,7.8852914,4
229,free online game,22605,413,3269,3,0,0,0.69314718,0.02019268,8.0922394,6.9039462,5
230,car rentals,6690,412,838,2,0,0,4.4067192,0.05294741,6.7310181,7.9403341,2
231,sony,13377,412,1700,1,1,0,3.2580965,0.03409068,7.4383835,7.8547059,11
232,shingles,6265,411,796,1,0,0,1.0986123,0.06811642,6.6795992,7.8354271,12
233,hilton,7371,410,1115,1,1,1,2.8903718,0.05483969,7.0166097,6.6008969,4
234,shopnbc,4894,409,658,1,1,0,3.5835189,0.08587193,6.4892049,7.4012158,17
235,fox news,19137,408,7755,2,1,0,2.4849067,0.01938475,8.9560931,2.4666667,18
236,motel 6,6437,407,831,2,1,0,3.0910425,0.06649528,6.7226298,7.7172082,4
237,tmobile,26583,407,3374,1,1,0,3.2958369,0.01816171,8.1238543,7.8719621,11
238,autotrader,24611,404,3938,1,1,0,3.6375862,0.0181752,8.2784283,6.2453022,2
239,barnes & noble,2071,404,1036,2,1,1,3.6635616,0.17985672,6.9431224,1.980695,19
240,addicting games,32931,403,6063,2,0,0,1.3862944,0.01471005,8.70996,5.4258618,5
241,circuitcity,4862,403,804,1,0,0,3.5553481,0.06905005,6.6895993,6.0161692,10
242,kellybluebook,6282,403,800,1,0,0,4.634729,0.05831246,6.6846117,7.8125,2
243,talbots,5071,402,779,1,1,0,3.6375862,0.08396355,6.658011,6.5019255,8
244,chase online,9892,401,1428,2,1,1,3.4011974,0.03504344,7.2640301,6.9096639,9
245,discover card,12838,400,1631,2,1,0,3.4657359,0.03448994,7.3969486,7.8553035,9
246,wellsfargo,21349,398,4638,1,1,0,3.0910425,0.00829098,8.4420385,4.5972402,9
247,bass pro shop,7753,395,1129,3,0,0,3.5263605,0.05576887,7.0290876,6.8565102,17
248,match,13687,395,1977,1,0,0,1.6094379,0.03346699,7.5893358,6.908953,6
249,free music,8181,392,1031,2,0,0,1.3862944,0.0458958,6.9382845,7.8952473,0
250,coldwell banker,11301,391,1425,2,1,0,2.8332133,0.04060491,7.2619271,7.9024561,10
251,find people,4739,391,595,2,0,0,1.0986123,0.03717023,6.3885614,7.902521,10
252,fashion bug,5643,390,724,2,0,0,3.6109179,0.07350834,6.5847914,7.769337,8
253,abercrombie,9071,388,1180,1,0,1,3.2188758,0.04433033,7.0732697,7.6745763,8
254,check my aol mai,23586,387,3974,4,0,0,1.6094379,0.01730841,8.2875284,5.9305486,11
255,hair styles,13026,387,1880,2,0,0,1.3862944,0.02578717,7.5390271,6.918617,16
256,cheap hotels,5692,385,730,2,0,0,5.1357984,0.05467893,6.5930445,7.7753425,4
257,disney,35402,383,5107,1,0,0,2.3025851,0.01350116,8.5383674,6.9257881,17
258,craig's list,17261,381,3125,2,0,0,1.7917595,0.0128307,8.0471896,5.51488,10
259,equifax,6598,381,829,1,0,0,2.944439,0.0478258,6.7202202,7.9119421,9
260,spybot,8813,381,1269,1,0,0,0,0.0441726,7.1459845,6.9338061,11
261,ace hardware,8107,380,1059,2,1,0,3.6375862,0.04481428,6.9650803,7.6392823,13
262,discount tire,6190,380,894,2,1,0,5.0039463,0.06585093,6.7957058,6.9105145,2
263,mazda,6389,380,919,1,1,0,2.944439,0.05991681,6.8232861,6.9412405,2
264,airlines,8212,377,1046,1,0,0,3.7612001,0.06089261,6.9527286,7.834608,4
265,greeting cards,7287,377,918,2,0,0,2.944439,0.05050249,6.8221974,7.9063181,6
266,john deere,7599,377,968,2,1,0,2.944439,0.05331343,6.8752321,7.8285124,2
267,shoes,8721,375,1115,1,0,0,3.6635616,0.0350272,7.0166097,7.7964126,17
268,hairstyles,11376,374,1648,1,0,0,2.1972246,0.02604898,7.4073177,6.8907767,16
269,apple,17273,373,2498,1,0,0,2.8332133,0.02382448,7.8232457,6.9079263,11
270,auto parts,6487,371,824,2,0,0,3.1780538,0.05277973,6.7141705,7.8240291,2
271,aim,17003,367,3565,1,0,0,1.7917595,0.02373191,8.1789193,4.7660589,11
272,disney store,6997,367,895,2,1,0,4.6539604,0.05505745,6.7968237,7.7932961,8
273,free ecards,6793,367,858,2,0,0,2.4849067,0.0522289,6.7546041,7.8659674,6
274,social security,15368,367,2212,2,0,0,1.7917595,0.02547655,7.7016524,6.9358047,7
275,lyrics,27160,366,5622,1,0,0,0.69314718,0.01341746,8.6344428,4.8271078,0
276,tires,8090,365,1040,1,0,0,3.3322045,0.03553577,6.946976,7.7548077,2
277,att,14555,362,2106,1,0,0,2.7725887,0.02833638,7.6525457,6.9050332,11
278,free e-cards,6177,361,784,3,0,0,2.4849067,0.05152177,6.664409,7.8329082,6
279,xm radio,9595,361,1383,2,1,0,3.0910425,0.0200512,7.2320103,6.9291396,0
280,free limewire,7343,360,924,2,0,0,1.0986123,0.05371027,6.8287121,7.9047619,11
281,lupus,5024,359,634,1,0,0,0,0.07054858,6.452049,7.8722397,12
282,wallpaper,7362,359,934,1,0,0,1.3862944,0.0430361,6.8394764,7.866167,6
283,adobe acrobat,4261,358,609,2,1,0,2.3025851,0.05828061,6.4118183,6.9458128,11
284,lime wire,8332,358,1199,2,0,0,2.4849067,0.05848401,7.0892432,6.9266055,11
285,southwest,31606,358,4571,1,0,0,1.3862944,0.01271729,8.4274873,6.9118355,4
286,discover,5913,357,750,1,0,0,2.6390573,0.0411146,6.6200732,7.8346667,9
287,nutrisystem,6483,356,819,1,1,0,2.6390573,0.05736452,6.7080841,7.9072039,1
288,checks,4012,355,510,1,0,0,3.2188758,0.07328895,6.2344107,7.8039216,9
289,movies,23976,355,3061,1,0,0,2.5649494,0.01433152,8.0264969,7.8219536,3
290,michael vick,14731,354,2202,2,0,0,1.6094379,0.02241792,7.6971213,6.6771117,14
291,student loans,5496,353,690,2,0,0,2.5649494,0.06576914,6.5366916,7.9231884,9
292,las vegas,13861,349,1763,2,0,0,2.7080502,0.02763492,7.4747722,7.8513897,4
293,quill,5336,349,689,1,0,0,2.4849067,0.07495605,6.5352413,7.6777939,19
294,hampton inn,11992,348,1733,2,1,1,3.1354942,0.03261172,7.4576093,6.9094057,4
295,nike,8708,348,1256,1,1,0,3.0910425,0.04351858,7.1356873,6.9227707,17
296,yahoo music,12753,348,3534,2,0,0,2.1972246,0.01782263,8.1701857,3.5998868,0
297,time warner,6295,345,798,2,1,1,2.944439,0.04718085,6.6821086,7.8533835,9
298,apartments,5682,344,718,1,0,0,3.9318256,0.06112443,6.5764696,7.8509749,10
299,ask,22274,344,6074,1,0,0,3.1354942,0.01552539,8.7117726,3.6636483,19
300,bearshare,4671,344,594,1,0,0,1.7917595,0.06903943,6.3868793,7.8148148,11
301,goggle search,7251,344,1834,2,0,0,1.9459101,0.01132883,7.5142547,3.9438386,6
302,travelosity,3463,344,436,1,1,0,2.7080502,0.11592336,6.0776422,7.9082569,4
303,wal-mart,8486,344,2171,2,1,0,3.4011974,0.03930686,7.6829432,3.9028098,8
304,music videos,13720,342,1972,2,0,0,0.69314718,0.01976334,7.5868035,6.9355984,0
305,horoscopes,11903,339,1513,1,0,0,1.6094379,0.02800057,7.3218497,7.8360872,19
306,alamo car rental,4503,338,574,3,1,1,4.6151205,0.06434938,6.3526294,7.8222997,2
307,payless shoes,7174,337,936,2,1,0,4.0430513,0.04641333,6.8416155,7.6485043,17
308,borders books,6272,336,796,2,1,0,3.0445224,0.03725221,6.6795992,7.8479899,19
309,t-mobile,21020,336,2668,2,1,0,3.3322045,0.01834635,7.8890844,7.8643178,11
310,cartoon network,26907,335,5270,2,0,0,1.3862944,0.00739311,8.5697856,5.0982922,5
311,qwest,10121,333,1283,1,1,0,2.8903718,0.02996118,7.1569564,7.8776306,11
312,bass pro shops,5129,331,848,3,0,0,3.5263605,0.06541154,6.7428806,6.0224057,17
313,clipart,5724,331,754,1,0,0,1.0986123,0.05357684,6.6253924,7.5424403,6
314,crocs,7791,331,981,1,0,0,3.0445224,0.04339638,6.8885725,7.9215087,17
315,newegg,3130,331,866,1,0,0,4.0775374,0.10700953,6.7638849,3.6073903,11
316,pregnancy,11349,331,1641,1,0,0,1.0986123,0.02540066,7.4030611,6.8939671,12
317,at&t wireless,9435,328,1203,3,1,0,3.5553481,0.03580403,7.0925737,7.8295927,11
318,pizza hut,16522,327,3031,2,1,0,3.5553481,0.03162885,8.0166479,5.4486968,14
319,girls gone wild,5914,326,935,3,0,0,1.0986123,0.0431014,6.8405465,6.3080214,15
320,thrifty car rent,4732,325,599,3,0,0,2.9957323,0.07028629,6.3952616,7.8831386,2
321,ann taylor,2994,324,876,2,1,1,3.4657359,0.10201435,6.7753661,3.4041096,8
322,marriott hotels,6972,324,891,2,1,0,1.6094379,0.05933089,6.7923444,7.7867565,4
323,tattoos,8551,324,1236,1,0,0,1.6094379,0.03210027,7.1196356,6.9053398,16
324,costumes,5441,323,691,1,0,0,3.0910425,0.05725825,6.5381398,7.8509407,16
325,2008 honda accor,3701,322,557,3,1,1,3.2580965,0.09965318,6.3225652,6.567325,2
326,cell phones,6873,322,868,2,0,0,3.2958369,0.04409262,6.7661917,7.9020737,11
327,for sale by owne,5821,322,736,4,0,0,4.8903491,0.05668852,6.6012301,7.861413,10
328,cruises,6848,321,867,1,0,0,3.912023,0.04652737,6.765039,7.8777393,4
329,credit report,5025,317,635,2,0,0,2.6390573,0.07185704,6.453625,7.8677165,9
330,pottery barn kid,3875,317,794,3,0,0,3.2188758,0.08404484,6.6770835,4.8488665,8
331,rooms to go,7206,317,943,3,0,0,3.5835189,0.04602003,6.8490663,7.630965,13
332,calendar,17632,316,2551,1,0,0,1.6094379,0.01740094,7.8442407,6.9031752,19
333,free clip art,6740,316,982,3,0,0,0,0.0486099,6.8895913,6.8380855,6
334,dog breeds,6998,315,1008,2,0,0,1.6094379,0.04112075,6.9157234,6.9186508,12
335,tigerdirect,2441,315,698,1,0,0,3.6888795,0.12419787,6.5482191,3.4856734,13
336,gmc,9414,314,1201,1,0,0,2.3978953,0.03404829,7.0909098,7.8251457,2
337,greyhound,7593,314,1277,1,1,0,1.6094379,0.04234181,7.1522689,5.9412686,18
338,webster dictiona,12798,314,2008,2,0,1,1.9459101,0.01049793,7.6048945,6.3630478,19
339,craigs list,69467,312,15165,2,0,0,2.0794415,0.0061571,9.6267454,4.5800198,10
340,dominos pizza,4441,312,707,2,1,0,4.3174881,0.05930871,6.5610307,6.2701556,14
341,budget,5597,311,714,1,1,0,2.0794415,0.0400431,6.570883,7.8053221,7
342,resumes,4922,311,621,1,0,0,1.9459101,0.0607767,6.4313311,7.8776167,6
343,pogo games,12807,310,1620,2,0,0,1.9459101,0.03412476,7.3901814,7.887037,5
344,charles schwab,2898,309,807,2,1,0,2.4849067,0.10803946,6.6933237,3.5638166,9
345,myspace,590920,308,292692,1,1,0,1.0986123,0.00616818,12.586876,2.0188423,0
346,yahoo games,16365,306,4705,2,0,0,0,0.00944425,8.4563811,3.4712009,5
347,goole,4253,305,1436,1,0,0,2.8332133,0.0306877,7.2696167,2.9324513,18
348,national city ba,12471,305,2088,3,0,0,2.1972246,0.02363358,7.6439619,5.967433,9
349,rental cars,4573,305,581,2,0,0,4.0430513,0.07141106,6.3647508,7.8330465,2
350,t mobile,18718,304,2367,2,0,1,3.3322045,0.01837581,7.7693786,7.8964935,11
351,walgreens,22130,304,3752,1,1,0,3.4657359,0.00757907,8.2300443,5.8933902,12
352,web md,30771,304,5715,2,0,0,0.69314718,0.00960355,8.6508496,5.3825022,12
353,tiger direct,3263,303,811,2,0,0,3.6888795,0.09967846,6.6982681,4.0098644,13
354,norton,4594,302,582,1,0,1,2.5649494,0.06356577,6.3664704,7.871134,11
355,wachovia bank,8885,301,1275,2,0,0,2.5649494,0.01748714,7.1507015,6.9466667,9
356,hgtv,25759,300,3359,1,0,0,2.8332133,0.01327218,8.1193986,7.6671628,13
357,youtube,134680,300,61980,1,1,0,0.69314718,0.0077151,11.034567,2.1726525,15
358,aol email,14874,299,1906,2,0,0,2.0794415,0.01074391,7.5527621,7.7932844,11
359,halo 3,6028,299,1004,2,0,0,2.1972246,0.04633811,6.9117473,5.9531873,5
360,ing,6494,299,821,1,0,0,2.0794415,0.03427875,6.7105231,7.8781973,9
361,coupons,4699,297,597,1,0,0,4.5108595,0.04831019,6.3919171,7.8509213,8
362,evite,4782,297,964,1,0,0,1.9459101,0.08314243,6.8710913,4.9533195,16
363,powerball,11527,297,5444,1,0,0,2.9957323,0.02012441,8.6022694,2.1127847,0
364,mls,8531,296,1236,1,0,0,3.4339872,0.03718064,7.1196356,6.8875405,10
365,personal loans,5088,295,648,2,0,0,3.0910425,0.0505413,6.4738907,7.8317901,9
366,radio,6039,295,873,1,0,0,1.7917595,0.03540777,6.7719356,6.8980527,0
367,realplayer,2987,295,394,1,0,0,1.6094379,0.09500411,5.9763509,7.4923858,11
368,autozone,13341,294,1977,1,1,0,3.3672958,0.00939292,7.5893358,6.743045,2
369,proactive,2920,294,365,1,1,0,2.5649494,0.08737949,5.8998974,7.9479452,12
370,tracfone,7385,294,934,1,1,0,3.9318256,0.04273474,6.8394764,7.891863,11
371,alli,5443,293,688,1,0,0,1.7917595,0.0516713,6.5337888,7.8604651,1
372,capitol one,2382,293,825,2,1,0,2.9957323,0.11099571,6.7153834,2.870303,9
373,british airways,6609,290,836,2,1,0,3.3322045,0.03987738,6.7286286,7.8815789,4
374,gamehouse,5413,290,690,1,0,0,1.9459101,0.06567614,6.5366916,7.8333333,5
375,microsoft office,7564,290,1085,2,1,0,2.7080502,0.03064413,6.9893353,6.9520737,11
376,viagra,3457,290,436,1,1,0,4.1743873,0.08100921,6.0776422,7.8256881,12
377,hilton hotels,5259,288,763,2,1,1,2.7725887,0.05270085,6.637258,6.8650066,4
378,norton antivirus,3571,288,448,2,1,1,2.4849067,0.0586375,6.1047932,7.9285714,11
379,sbc,5720,287,727,1,1,0,2.0794415,0.04305616,6.5889265,7.8418157,11
380,miniclip,7842,286,5419,1,0,0,1.9459101,0.05240982,8.5976666,1.4417789,5
381,saturn,5960,286,855,1,0,0,1.3862944,0.04667791,6.7511015,6.948538,18
382,costco,41057,285,6503,1,1,0,3.1354942,0.00804144,8.7800189,6.3110872,8
383,allstate,1363,283,632,1,1,0,2.3025851,0.21211698,6.4488894,2.1439873,9
384,careerbuilder,15928,283,2132,1,0,0,2.6390573,0.01679502,7.6648158,7.4652908,10
385,outlook express,7718,283,974,2,1,0,1.3862944,0.0309434,6.8814113,7.8952772,11
386,online games,9380,282,1186,2,0,0,1.0986123,0.02257905,7.0783416,7.8777403,5
387,saks,4935,282,674,1,0,0,3.3672958,0.05974959,6.5132301,7.3041543,8
388,us map,6239,282,791,2,0,0,2.0794415,0.02718502,6.673298,7.8596713,18
389,free e cards,5394,281,678,3,0,0,2.4849067,0.05099403,6.5191473,7.9321534,6
390,maps,44178,281,5643,1,0,0,1.7917595,0.01308762,8.6381711,7.8247386,18
391,bose,3836,280,488,1,1,0,3.1780538,0.0704086,6.1903154,7.8258197,13
392,golfsmith,5418,277,702,1,0,0,3.7135721,0.05466679,6.5539334,7.7065527,17
393,kia,5952,277,760,1,0,0,2.6390573,0.04663178,6.6333184,7.8236842,2
394,wedding dresses,6427,276,820,2,0,0,3.3672958,0.04052388,6.7093043,7.8097561,16
395,e-cards,4152,275,523,2,0,0,1.0986123,0.05495848,6.2595815,7.8910134,6
396,netflex,2088,275,268,1,0,0,2.3025851,0.08495823,5.590987,7.7089552,11
397,directtv,2288,274,635,1,1,0,3.4339872,0.14179006,6.453625,3.5826772,3
398,big fish games,5328,273,725,3,0,0,2.7080502,0.05860855,6.5861717,7.3324138,5
399,java,13990,273,2030,1,0,0,0.69314718,0.01925135,7.6157911,6.8862069,11
400,subaru,4612,273,664,1,1,0,2.4849067,0.06013961,6.4982821,6.9246988,2
401,e cards,4692,272,592,2,0,0,1.3862944,0.05530905,6.3835066,7.8986486,6
402,fedex tracking,8974,272,1173,2,1,0,3.4657359,0.0239524,7.0673198,7.6334186,10
403,bombay,3254,271,429,1,0,1,2.3978953,0.07464531,6.0614569,7.5687646,8
404,bratz games,7781,271,986,2,0,0,0.69314718,0.0227209,6.8936564,7.8661258,5
405,wells fargo bank,11396,271,2193,3,1,1,2.7080502,0.012076,7.6930257,5.1837665,9
406,cabellas,1931,269,578,1,0,0,3.1780538,0.12337945,6.3595739,3.3200692,17
407,concert tickets,4871,269,618,2,0,0,4.1588831,0.04949818,6.4264885,7.8478964,0
408,disney world,9650,269,1224,2,1,0,2.5649494,0.02468631,7.1098795,7.8602941,4
409,britney spears,27212,268,4126,2,0,0,1.6094379,0.01146769,8.3250637,6.5920989,0
410,discount tires,3800,268,548,2,1,0,4.9904326,0.07815165,6.3062753,6.9142336,2
411,furniture,7829,268,994,1,0,0,3.6375862,0.02781893,6.9017372,7.8651911,13
412,microsoft word,6328,268,907,2,1,0,1.0986123,0.04727225,6.8101425,6.9503859,6
413,ashley furniture,15534,267,2246,2,1,1,3.5553481,0.01727278,7.7169061,6.9127337,13
414,carfax,4304,267,582,1,1,0,3.3322045,0.06719525,6.3664704,7.362543,2
415,hawaiian airline,5975,266,752,2,0,0,3.0445224,0.05563773,6.6227363,7.9321809,4
416,horoscope,10026,266,1292,1,0,0,1.9459101,0.02212323,7.1639467,7.7407121,19
417,northwest airlin,22696,266,3240,2,0,0,2.4849067,0.01010515,8.0833286,7.0012346,4
418,runescape,31049,266,11806,1,0,0,3.0910425,0.00748033,9.3763632,2.6284093,5
419,goggle earth,3228,265,405,2,0,0,1.0986123,0.06207842,6.0038871,7.8814815,18
420,las vegas hotels,5411,265,685,3,0,0,3.1354942,0.04506377,6.5294188,7.8627737,4
421,advance auto par,6582,263,1107,3,1,1,4.0253517,0.04861421,7.0094089,5.9331527,2
422,barbie,20630,263,3029,1,1,0,2.0794415,0.01159454,8.0159878,6.793001,5
423,cars,17097,262,2176,1,0,0,3.5835189,0.01601909,7.6852436,7.8455882,2
424,funny videos,7084,262,1032,2,0,0,0,0.02375925,6.9392539,6.8275194,3
425,childrens place,5436,261,727,2,0,0,3.1780538,0.05341725,6.5889265,7.4635488,8
426,googles,7719,260,2070,1,1,0,2.7725887,0.02066975,7.6353039,3.7202899,6
427,nero,4587,258,662,1,1,0,2.0794415,0.05398345,6.4952656,6.9003021,6
428,sprint,35236,257,5075,1,1,0,3.6375862,0.00884503,8.5320818,6.9406897,11
429,cnn news,11436,255,3066,2,1,0,1.7917595,0.01186826,8.0281291,3.7221135,18
430,game,6072,253,774,1,0,0,1.0986123,0.02749789,6.6515719,7.7894057,5
431,health insurance,4610,253,584,2,1,0,2.9957323,0.05573861,6.369901,7.8732877,7
432,newport news,3294,253,744,2,0,1,2.3025851,0.0808954,6.612041,4.4153226,18
433,msn chat rooms,8660,252,1150,3,1,0,1.3862944,0.02014226,7.0475172,7.5165217,15
434,bellsouth email,10150,251,1289,2,1,0,2.8903718,0.02494584,7.161622,7.8572537,11
435,netzero,22885,250,3409,1,0,0,3.0910425,0.01253078,8.1341743,6.7090056,11
436,free chat rooms,6035,249,761,3,0,0,0.69314718,0.03930811,6.6346334,7.8961892,15
437,gps,4195,249,532,1,0,0,2.7725887,0.04433783,6.2766435,7.8571429,18
438,email,9938,248,1443,1,0,0,2.3025851,0.01333626,7.2744796,6.8731809,11
439,yahoo free games,8366,248,1063,3,0,0,1.6094379,0.02417926,6.9688504,7.8570085,5
440,bratz,12241,247,1769,1,0,0,1.9459101,0.0154309,7.4781697,6.8937253,5
441,comp usa,3232,247,598,2,0,0,3.9318256,0.07196133,6.3935908,5.3846154,10
442,local weather,6008,247,781,2,0,0,1.3862944,0.02793603,6.6605751,7.6658131,18
443,ringtones,6277,247,802,1,0,0,2.3025851,0.03948148,6.6871086,7.8054863,11
444,menards,11249,246,1674,1,1,0,3.6109179,0.00924887,7.4229713,6.7102748,13
445,payday loans,3816,246,482,2,1,0,2.6390573,0.05834905,6.1779441,7.8692946,9
446,screen savers,3042,245,382,2,0,0,0,0.06447486,5.9454206,7.8926702,11
447,bankofamerica,51359,243,7413,1,1,0,2.5649494,0.00686149,8.9109905,6.9252664,9
448,bass pro,5124,243,684,2,0,0,3.8501476,0.05206244,6.5279579,7.4809942,17
449,chevrolet,10905,243,1571,1,1,0,2.7725887,0.02285594,7.3594676,6.9363463,2
450,cricket,4493,242,783,1,0,0,2.1972246,0.0565967,6.6631327,5.7203065,14
451,hewlett packard,6538,242,831,2,1,1,2.7080502,0.03619031,6.7226298,7.8531889,11
452,oldnavy,1646,242,530,1,1,0,3.4965076,0.14412352,6.272877,3.0830189,8
453,sams,5920,241,777,1,0,0,2.3025851,0.0078503,6.6554404,7.6023166,8
454,airtran,19317,240,2452,1,1,0,2.944439,0.01629338,7.8046593,7.8739804,4
455,camping world,3864,240,486,2,0,0,2.8332133,0.07202123,6.1862086,7.8621399,2
456,movie times,6121,237,788,2,0,0,2.8332133,0.05400893,6.6694981,7.7538071,3
457,zales,2781,237,750,1,0,0,3.6635616,0.08561617,6.6200732,3.6973333,17
458,birthday cards,4549,236,574,2,0,0,1.7917595,0.05327335,6.3526294,7.8815331,6
459,credit cards,4560,236,579,2,0,0,3.3322045,0.0452474,6.3613025,7.865285,9
460,dexonline,4950,236,946,1,0,0,1.7917595,0.03277471,6.8522426,5.217759,15
461,diet pills,2553,235,320,2,0,0,3.6888795,0.09285484,5.768321,7.921875,12
462,allegiant airlin,3229,234,414,2,0,0,3.2188758,0.06991443,6.025866,7.7753623,4
463,embassy suites,5450,234,796,2,0,0,2.4849067,0.04559656,6.6795992,6.8316583,4
464,lingerie,5827,234,838,1,0,0,3.5835189,0.03941673,6.7310181,6.9415274,16
465,payless,5195,234,729,1,0,0,4.0253517,0.0484212,6.5916737,7.1179698,17
466,adaware,6060,233,769,1,0,0,1.0986123,0.03440837,6.645091,7.8673602,11
467,victoria secrets,3918,232,500,2,0,0,3.3322045,0.05852404,6.2146081,7.8,16
468,free screensaver,3883,230,488,2,0,0,0.69314718,0.06204153,6.1903154,7.932377,11
469,hertz car rental,4535,230,575,3,1,0,3.9702919,0.04852587,6.35437,7.8782609,2
470,ftd,3412,229,432,1,0,0,3.2188758,0.06965201,6.0684256,7.8680556,16
471,hpv,3908,229,496,1,0,0,0,0.0621997,6.2065759,7.8245968,12
472,music lyrics,5788,229,879,2,0,0,0.69314718,0.03204599,6.7787849,6.5676906,0
473,ups,46961,228,9556,1,0,0,3.3322045,0.01255469,9.1649245,4.9129343,10
474,att wireless,6984,227,1002,2,0,0,2.944439,0.0405108,6.9097533,6.9570858,11
475,car insurance,3841,227,485,2,1,0,3.0910425,0.05953081,6.1841489,7.8989691,9
476,lexapro,5253,227,665,1,0,0,2.6390573,0.04444541,6.499787,7.8721805,12
477,msn games,4584,227,1820,2,1,0,1.3862944,0.04717598,7.5065918,2.510989,5
478,sears appliances,3787,227,477,2,1,1,3.7376696,0.05883207,6.1675165,7.8784067,13
479,work from home,5337,227,679,3,0,1,1.9459101,0.04932282,6.5206211,7.8453608,9
480,loews,1742,226,325,1,0,0,1.6094379,0.09293255,5.7838252,5.3446154,4
481,real estate,7632,226,1102,2,1,0,3.5553481,0.03083445,7.004882,6.915608,10
482,sam's club,12297,226,1797,2,1,0,3.0445224,0.01013335,7.4938739,6.8330551,8
483,honda motorcycle,4989,225,717,2,1,0,3.1354942,0.04117611,6.5750758,6.9414226,2
484,carnival,3989,223,504,1,0,0,2.0794415,0.04235241,6.2225763,7.8849206,4
485,comcast cable,5108,223,647,2,1,1,3.7135721,0.0413466,6.4723463,7.8840804,11
486,k mart,3843,222,511,2,0,1,3.7841896,0.05237171,6.2363696,7.4774951,8
487,northern tool,4445,222,571,2,0,0,4.0073332,0.05463811,6.3473892,7.7775832,13
488,calorie counter,4440,221,561,2,0,0,1.3862944,0.05021315,6.3297209,7.8823529,1
489,audi,3624,220,521,1,0,0,2.7080502,0.06187062,6.25575,6.9385797,2
490,business cards,3821,220,488,2,0,0,2.8332133,0.05764242,6.1903154,7.7971311,6
491,toshiba,7016,220,891,1,1,0,2.8903718,0.03127563,6.7923444,7.8552189,11
492,gout,4519,219,574,1,0,0,1.0986123,0.0499166,6.3526294,7.8519164,12
493,ann taylor loft,2482,218,654,3,0,1,3.5553481,0.09830311,6.4831074,3.7874618,8
494,cvs pharmacy,1993,218,500,2,1,0,3.9318256,0.11933279,6.2146081,3.962,8
495,lillian vernon,4733,218,625,2,0,1,3.2580965,0.04871979,6.4377516,7.568,8
496,scrubs,3403,218,431,1,0,0,3.871201,0.06412903,6.0661081,7.8584687,8
497,universal studio,7876,218,1023,2,1,0,2.7080502,0.03221777,6.9304948,7.6920821,4
498,marshalls,3276,217,486,1,1,0,2.6390573,0.06610036,6.1862086,6.7160494,17
499,dishnetwork,6079,216,766,1,0,0,3.2188758,0.03961262,6.6411822,7.9164491,3
500,itunes,5318,216,723,1,1,0,2.944439,0.04019804,6.5834092,7.3360996,11
501,nfl,44404,216,6683,1,0,0,2.3025851,0.00732329,8.8073223,6.6422265,14
502,quicktime,4369,216,759,1,0,0,1.0986123,0.05250543,6.6320018,5.7483531,11
503,bmw,11821,215,1506,1,1,0,2.7725887,0.01703593,7.3172124,7.8432935,2
504,lego,6655,215,846,1,1,0,2.9957323,0.03123161,6.7405194,7.8522459,5
505,bmg,3386,214,431,1,0,0,3.2188758,0.06724611,6.0661081,7.8352668,0
506,free white pages,4230,214,534,3,0,1,2.3978953,0.04543187,6.2803958,7.8857678,10
507,budget rent a ca,2895,213,364,4,1,0,4.2046926,0.05605901,5.8971539,7.8901099,2
508,googleearth,3899,213,613,1,0,0,1.3862944,0.07242987,6.4183649,6.3132137,18
509,bidz,2197,212,286,1,0,0,3.8918203,0.0986687,5.6559918,7.6363636,17
510,googel,5416,211,1348,1,1,0,0,0.02147672,7.2063773,4.0066766,18
511,sex offenders,2231,211,281,2,0,0,1.6094379,0.08462134,5.6383547,7.8754448,7
512,wallmart,6904,211,929,1,0,0,3.1354942,0.02297207,6.8341087,7.4230355,8
513,movie theaters,4207,210,607,2,0,0,3.1780538,0.0365303,6.4085288,6.9110379,3
514,pokemon,12415,210,1797,1,1,0,0.69314718,0.01481658,7.4938739,6.8937117,5
515,sexy,4688,210,829,1,0,0,1.9459101,0.01615152,6.7202202,5.6139928,15
516,babies r us,24715,209,4538,3,0,0,3.9318256,0.01105275,8.4202417,5.4446893,8
517,auto insurance,3846,208,488,2,1,0,3.0445224,0.05261902,6.1903154,7.8627049,9
518,bebo,13272,208,7595,1,0,0,1.6094379,0.01042606,8.9352454,1.7466754,6
519,chase bank onlin,5200,208,769,3,1,1,2.7080502,0.03833014,6.645091,6.7178153,9
520,kinkos,4224,208,610,1,0,0,3.0445224,0.04404024,6.413459,6.9065574,10
521,nascar,47473,208,8076,1,1,0,2.1972246,0.00648726,8.996652,5.8763001,14
522,van halen,11072,208,1612,2,0,0,0.69314718,0.02116483,7.3852309,6.8591811,0
523,finish line,3005,207,494,2,0,0,3.3672958,0.07261112,6.2025355,6.0668016,17
524,flights,3555,207,452,1,1,0,4.5432948,0.0374949,6.1136822,7.8451327,4
525,music downloads,4745,207,598,2,0,0,2.8903718,0.04372351,6.3935908,7.909699,0
526,apple vacations,5032,206,729,2,1,0,2.5649494,0.04769718,6.5916737,6.8957476,4
527,logmein,1678,206,385,1,0,0,2.1972246,0.13741045,5.9532433,4.3246753,11
528,orchard bank,10233,206,1300,2,0,0,3.2580965,0.03595119,7.1701195,7.86,9
529,sudoku,15931,206,2300,1,0,0,1.0986123,0.01770594,7.7406644,6.9230435,5
530,super 8,3214,205,419,2,1,0,2.3978953,0.05126248,6.0378709,7.646778,4
531,choice hotels,4036,204,512,2,0,0,3.1354942,0.05159107,6.2383246,7.8769531,4
532,circut city,4095,204,741,2,0,0,3.3672958,0.0732061,6.6080006,5.51417,10
533,homes for sale,4630,204,591,3,0,0,4.5217886,0.03874592,6.381816,7.8037225,10
534,area code lookup,3237,203,619,3,0,0,2.0794415,0.04407281,6.4281053,5.2067851,10
535,roadrunner,3618,203,462,1,1,0,2.7080502,0.03861055,6.1355649,7.7922078,11
536,used cars for sa,3083,203,386,4,0,0,4.3820266,0.05754393,5.9558374,7.9041451,2
537,ing direct,6410,202,816,2,1,0,2.1972246,0.03817271,6.7044144,7.8272059,9
538,papa johns pizza,2798,202,398,3,0,0,4.2195077,0.07978697,5.986452,7.0050251,14
539,federal express,6195,201,1082,2,0,0,3.2958369,0.0281574,6.9865665,5.7162662,10
540,find a person,2187,201,278,3,0,0,2.0794415,0.08461311,5.6276211,7.7877698,10
541,reverse lookup,4506,201,572,2,0,0,2.1972246,0.05328189,6.349139,7.8513986,10
542,firefox download,4036,200,512,2,0,0,0.69314718,0.04872283,6.2383246,7.8613281,11
543,mapquest usa,3806,199,489,2,1,0,1.3862944,0.01708171,6.1923625,7.7198364,18
544,my coke rewards,3005,199,385,3,0,0,2.9957323,0.05484055,5.9532433,7.7584416,9
545,virtual earth,3710,199,495,2,0,0,1.7917595,0.03269972,6.2045578,7.4646465,18
546,airfare,2624,198,339,1,0,0,4.6539604,0.07155774,5.8260001,7.7138643,4
547,currency convert,7523,198,1091,2,0,0,1.6094379,0.03889616,6.99485,6.8854262,9
548,hot jobs,5364,198,682,2,0,0,1.9459101,0.04953872,6.5250297,7.8489736,10
549,yellow book,4389,198,976,2,1,0,3.6888795,0.02284708,6.8834626,4.4846311,10
550,dating,2894,197,366,1,0,0,2.0794415,0.03300949,5.9026333,7.8661202,6
551,tripadvisor,5984,197,924,1,0,0,1.7917595,0.05291442,6.8287121,6.4675325,4
552,diabetes,5623,196,810,1,0,0,1.3862944,0.0347301,6.6970342,6.9246914,12
553,fingerhut,4067,196,594,1,0,0,3.7135721,0.05015752,6.3868793,6.8316498,9
554,stock market,4424,196,566,2,0,0,4.6151205,0.04159146,6.3385941,7.8038869,9
555,zipcodes,2590,196,491,1,0,0,2.1972246,0.06748755,6.1964441,5.2606925,10
556,disney games,11003,195,1583,2,1,0,2.0794415,0.02663175,7.3670771,6.9292483,5
557,posters,3296,195,417,1,1,0,3.2188758,0.05360722,6.0330862,7.853717,6
558,textbooks,2884,195,365,1,0,0,4.1271344,0.07210735,5.8998974,7.8520548,19
559,kodak,4626,194,667,1,1,1,2.3978953,0.04417013,6.50279,6.8995502,13
560,owen wilson,16115,194,3107,2,0,1,0.69314718,0.01601995,8.0414129,5.1847441,3
561,zip code,6038,194,1314,2,0,0,2.3025851,0.02787847,7.1808312,4.585997,10
562,hannah montana,11309,193,2236,2,1,1,1.0986123,0.01662135,7.7124438,5.0478533,3
563,telephone number,1950,193,244,2,0,0,3.0910425,0.07033581,5.4971682,7.8811475,10
564,weightwatchers,2871,193,406,1,0,0,2.3025851,0.0634752,6.0063532,7.0344828,1
565,musica,2455,192,609,1,0,0,1.9459101,0.02001936,6.4118183,3.9819376,15
566,american greetin,788,191,498,2,0,0,2.6390573,0.2339854,6.2106001,1.5662651,6
567,biggest loser,5572,191,701,2,0,0,2.1972246,0.03996654,6.5525079,7.9343795,3
568,boat trader,4941,191,812,2,0,0,2.8332133,0.03210766,6.6995003,6.0566502,2
569,bowflex,3027,191,384,1,1,0,3.2958369,0.06104872,5.9506426,7.8671875,1
570,west nile virus,2514,191,421,3,0,0,0,0.07852221,6.0426328,5.95962,12
571,party supplies,2896,190,371,2,0,0,3.5263605,0.06794962,5.9162021,7.7654987,16
572,area code,2217,189,530,2,0,0,2.1972246,0.05052486,6.272877,4.1735849,10
573,bed bath & beyon,8816,189,1288,3,1,1,4.0073332,0.01834296,7.1608459,6.8330745,8
574,dominos,3839,189,686,1,0,0,4.4659081,0.04271099,6.5308776,5.590379,14
575,famous footwear,6601,189,852,2,0,0,3.4657359,0.04136337,6.7475865,7.7406103,17
576,hotjobs,5067,189,644,1,0,0,1.0986123,0.04162891,6.4676987,7.8509317,10
577,quickbooks,3166,189,399,1,1,0,3.1354942,0.05543826,5.9889614,7.9273183,9
578,barbie games,10083,188,1451,2,1,0,0.69314718,0.02283477,7.2800083,6.9200551,5
579,kitchen cabinets,2821,188,359,2,0,0,2.7080502,0.07153625,5.8833224,7.8022284,13
580,loan calculator,4788,188,605,2,0,0,3.2958369,0.04643703,6.4052285,7.8958678,9
581,calendars,4630,187,587,1,0,0,1.7917595,0.04198377,6.3750248,7.8739353,19
582,disneyland,9841,187,1244,1,0,0,2.3025851,0.02250893,7.1260873,7.8971061,4
583,free screen save,2700,187,339,3,0,0,1.7917595,0.05818936,5.8260001,7.9292035,11
584,houses for rent,3098,187,392,3,0,0,4.6821312,0.05053465,5.9712618,7.8596939,10
585,messenger,14720,187,3560,1,0,0,1.9459101,0.00689033,8.1775158,4.1292135,11
586,phone directory,3881,187,493,2,0,0,2.5649494,0.06563358,6.2005092,7.851927,10
587,psp,4121,187,525,1,0,0,2.8332133,0.02856742,6.2633983,7.8171429,5
588,joann fabrics,3319,186,481,2,0,0,3.6635616,0.06347078,6.1758673,6.8835759,8
589,kazaa,2522,185,375,1,0,0,2.0794415,0.06521998,5.926926,6.68,11
590,marriot,1841,185,389,1,0,0,2.0794415,0.09131607,5.9635793,4.6940874,4
591,cheap airfare,2827,184,359,2,0,0,5.2781147,0.05631576,5.8833224,7.8662953,4
592,mary kay,4099,184,516,2,0,0,2.3025851,0.04755319,6.2461068,7.9224806,19
593,myspace layouts,41127,184,8340,2,1,0,1.3862944,0.00521096,9.0288185,4.9302158,6
594,spiegel,1709,184,398,1,0,0,1.9459101,0.10904386,5.986452,4.2864322,19
595,wii,4993,184,982,1,0,0,2.6390573,0.03614749,6.8895913,5.0641548,5
596,air canada,6775,183,875,2,1,1,2.9957323,0.02868377,6.7742239,7.72,4
597,mortgage rates,4351,183,629,2,0,0,2.7725887,0.04369465,6.4441313,6.9046105,9
598,netscape,7823,183,1864,1,1,0,1.7917595,0.01861519,7.53048,4.1909871,11
599,radioshack,3127,183,404,1,1,0,3.1354942,0.06149567,6.0014149,7.7128713,11
600,royal caribbean,7549,183,1086,2,1,0,3.0445224,0.03043202,6.9902565,6.93186,4
601,sears parts,3079,183,388,2,1,1,3.7135721,0.06966986,5.9610053,7.8969072,10
602,starbucks,10643,183,1357,1,1,0,2.8903718,0.01809916,7.2130317,7.8393515,1
603,american girl,4348,182,558,2,0,0,1.6094379,0.04665604,6.324359,7.7777778,19
604,myspace login,42807,182,9807,2,1,0,1.9459101,0.00428407,9.1908517,4.36321,6
605,webkins,12530,182,1810,1,0,0,3.0910425,0.00643764,7.5010821,6.9121547,16
606,zip code finder,5450,182,708,3,0,0,2.1972246,0.03425011,6.5624441,7.680791,10
607,las vegas shows,3746,181,475,3,0,0,3.4965076,0.0470842,6.1633148,7.8568421,4
608,sharper image,2634,179,355,2,1,0,3.2580965,0.07733961,5.8721178,7.3887324,13
609,shop nbc,2875,179,363,2,1,0,3.7135721,0.07352872,5.8944028,7.8898072,17
610,life insurance,2607,178,329,2,0,0,2.3025851,0.06856214,5.7960578,7.8480243,9
611,spirit airlines,10470,178,1331,2,0,0,3.8918203,0.02175848,7.1936858,7.8557476,4
612,symantec,5214,178,661,1,0,0,2.4849067,0.05059796,6.4937538,7.8729198,11
613,edmonds,1647,177,214,1,0,0,1.9459101,0.11117448,5.365976,7.6869159,19
614,prime rate,2305,177,331,2,0,0,2.944439,0.06766672,5.8021184,6.9486405,9
615,wwe,55074,177,8298,1,1,0,2.3978953,0.00600266,9.0237698,6.6344902,14
616,avast,4709,176,791,1,0,0,1.9459101,0.03371074,6.673298,5.9494311,11
617,earthlink,19312,176,3354,1,0,0,2.8903718,0.00962201,8.1179089,5.7552177,11
618,hyatt,3477,176,444,1,1,0,1.6094379,0.05830872,6.0958246,7.8175676,4
619,williams sonoma,2313,176,578,2,0,1,3.0910425,0.08895926,6.3595739,3.9965398,1
620,alltel,17501,174,2530,1,0,0,3.6375862,0.01240473,7.8359746,6.9134387,11
621,dollar car renta,2806,174,355,3,0,0,4.4886364,0.05740977,5.8721178,7.8760563,2
622,garmin,7141,174,908,1,1,0,2.7080502,0.03217909,6.8112444,7.8557269,18
623,hoodia,2599,174,329,1,0,0,2.4849067,0.0656423,5.7960578,7.8541033,1
624,internet radio,4202,174,531,2,0,0,1.7917595,0.04406498,6.274762,7.9039548,0
625,jokes,8948,174,1339,1,0,0,1.0986123,0.0163227,7.1996783,6.6713966,3
626,k-mart,3819,174,505,2,0,0,3.8286414,0.05440588,6.2245584,7.4950495,8
627,rhapsody,4999,174,632,1,1,0,2.7080502,0.03573859,6.4488894,7.8987342,0
628,sheraton,3369,174,431,1,1,0,2.0794415,0.0563754,6.0661081,7.8027842,4
629,west marine,3223,174,412,2,0,1,3.0910425,0.05821196,6.0210233,7.8179612,2
630,quicken,2513,173,316,1,1,0,3.2188758,0.08240932,5.7557422,7.9272152,9
631,harrahs,3247,172,428,1,0,0,1.9459101,0.05591976,6.0591232,7.5700935,4
632,la quinta,2482,172,327,2,0,0,0.69314718,0.07500831,5.7899602,7.5626911,4
633,landsend,2131,172,391,1,0,0,3.4011974,0.08523553,5.9687076,5.4347826,8
634,powerball lotter,4347,172,772,2,0,0,2.7080502,0.03606757,6.6489845,5.5971503,0
635,bmg music,2708,171,345,2,0,0,3.2580965,0.06785615,5.8435444,7.8318841,0
636,nickjr play game,3367,171,427,3,0,0,0.69314718,0.03364585,6.056784,7.8571429,5
637,windows,5780,171,764,1,0,0,1.7917595,0.02415758,6.6385678,7.5379581,11
638,hp printers,5205,170,658,2,0,0,3.2580965,0.03548979,6.4892049,7.8920973,11
639,imlive,1037,170,209,1,0,0,2.6390573,0.17640148,5.3423343,4.9282297,15
640,booking buddy,2505,169,316,2,0,0,4.1431347,0.08209204,5.7557422,7.914557,4
641,usaa,19011,169,3177,1,0,0,2.7080502,0.00901695,8.0636926,5.98017,9
642,acrobat reader,3183,168,460,2,1,0,1.3862944,0.0564774,6.1312265,6.8934783,11
643,alaska air,3749,168,477,2,0,1,2.8903718,0.04498887,6.1675165,7.8406709,4
644,american airline,2813,168,356,2,1,0,1.0986123,0.06305436,5.8749307,7.8595506,4
645,applebees,7402,168,1114,1,0,0,2.1972246,0.01298546,7.0157124,6.6382406,1
646,charter,10103,168,1686,1,0,0,2.1972246,0.0089406,7.4301141,5.9869514,11
647,career builder,15380,166,2048,2,0,0,2.1972246,0.00949105,7.624619,7.5087891,10
648,dogs,11077,166,1602,1,0,0,1.7917595,0.01458345,7.3790081,6.9082397,12
649,u tube,16414,166,2986,2,0,0,1.0986123,0.00760704,8.00169,5.4943068,15
650,career builders,2528,165,337,2,0,0,0.69314718,0.03703754,5.8200829,7.4510386,10
651,footlocker,4438,165,689,1,1,0,3.5553481,0.04090526,6.5352413,6.4339623,17
652,nick games,10724,165,1356,2,0,0,0,0.0149853,7.2122945,7.8938053,5
653,checker auto par,1651,164,244,3,0,0,3.1354942,0.08245492,5.4971682,6.7336066,2
654,craiglist,25896,164,3992,1,0,0,2.0794415,0.00904583,8.2920476,6.4854709,10
655,curtains,2363,164,298,1,0,0,3.4011974,0.04262491,5.6970935,7.8557047,13
656,access my aol ma,7386,163,1816,4,0,0,1.3862944,0.00515097,7.5043916,4.0605727,11
657,apple computers,2374,163,298,2,1,0,3.3672958,0.0583578,5.6970935,7.9328859,11
658,apple ipod,4176,163,528,2,1,0,3.3322045,0.04035562,6.2690963,7.8863636,11
659,check aol email,2578,163,539,3,0,0,1.0986123,0.01506225,6.2897156,4.7439703,11
660,alamo,3739,162,474,1,1,0,2.3025851,0.0653903,6.1612073,7.8755274,2
661,consumer report,3216,162,411,2,0,0,4.6634391,0.05434434,6.0185932,7.8248175,9
662,patio furniture,2074,162,265,2,0,0,3.5263605,0.08026863,5.5797298,7.7773585,13
663,barnes and noble,2156,161,570,3,0,1,3.5835189,0.0900008,6.3456364,3.7719298,19
664,coach purses,2293,161,284,2,1,0,4.0073332,0.058639,5.6489742,7.9964789,17
665,david's bridal,4086,161,599,2,1,0,3.1354942,0.02592355,6.3952616,6.8080134,16
666,pnc bank,9253,161,1545,2,0,0,3.0910425,0.01759353,7.3427792,5.981877,9
667,thyroid,2402,161,305,1,0,0,0,0.06036203,5.7203118,7.8229508,12
668,nike shoes,2938,160,374,2,1,0,4.0073332,0.05011871,5.9242558,7.8235294,17
669,office furniture,2643,160,332,2,0,0,3.5835189,0.06423222,5.805135,7.9066265,13
670,party city,9779,160,1414,2,0,0,2.8903718,0.02011459,7.2541778,6.9052334,16
671,qvc,25344,160,10090,1,0,0,3.3322045,0.0066627,9.2193001,2.5112983,8
672,used books,2388,160,301,2,0,0,4.3567088,0.04925171,5.7071103,7.8870432,19
673,blockbuster vide,3717,159,555,2,1,0,3.2580965,0.05893187,6.3189681,6.6738739,3
674,california dmv,5599,159,736,2,0,1,1.6094379,0.03371261,6.6012301,7.5964674,7
675,free clipart,2640,159,386,2,0,0,0,0.04660033,5.9558374,6.8160622,6
676,thesaurus,8153,159,2000,1,1,0,2.0794415,0.01744128,7.6009025,4.075,6
677,verizon dsl,3627,159,460,2,1,0,3.7135721,0.04295756,6.1312265,7.8652174,11
678,rosetta stone,2528,158,320,2,0,0,2.3025851,0.06231886,5.768321,7.8625,6
679,emule,2062,157,407,1,0,0,0,0.07787803,6.0088132,5.02457,11
680,lotto,5120,157,857,1,0,0,2.0794415,0.01887911,6.7534379,5.9544924,0
681,lyme disease,3130,157,394,2,0,1,0.69314718,0.05046452,5.9763509,7.9111675,12
682,stock quotes,3823,157,487,2,0,0,3.9512437,0.04194185,6.1882641,7.8316222,9
683,videos,9929,157,1445,1,0,0,0.69314718,0.0123682,7.2758646,6.8574394,3
684,web messenger,15525,157,3220,2,0,0,1.9459101,0.01228051,8.0771366,4.8186335,11
685,bare minerals,2571,156,324,2,0,0,3.4657359,0.06273513,5.7807435,7.882716,16
686,infinity,2042,156,259,1,1,0,2.3025851,0.05416492,5.5568281,7.8610039,19
687,new york times,10931,156,1648,3,0,0,2.4849067,0.01350264,7.4073177,6.6225728,18
688,pay pal,2939,156,444,2,0,0,3.912023,0.06248221,6.0958246,6.6103604,9
689,solitaire,3381,156,436,1,0,0,2.0794415,0.04619707,6.0776422,7.7385321,5
690,used textbooks,2290,156,292,2,0,0,4.5432948,0.05940552,5.6767538,7.7808219,19
691,89 movies,6375,155,916,2,0,0,0,0.01592021,6.8200164,6.9279476,3
692,dvd shrink,2329,155,335,2,0,0,0.69314718,0.06501795,5.8141305,6.9044776,17
693,maps directions,3062,155,387,2,0,0,0.69314718,0.01591391,5.9584247,7.881137,18
694,nick,15673,155,4287,1,0,0,1.0986123,0.00813334,8.3633425,3.6496384,5
695,adware,2481,154,315,1,0,0,1.0986123,0.05426783,5.7525726,7.847619,11
696,medifast,1702,154,216,1,0,0,2.8332133,0.09259255,5.3752784,7.8472222,1
697,play nick games,4828,154,689,3,0,0,1.0986123,0.02713228,6.5352413,6.9724238,5
698,ritz camera,2303,154,300,2,1,0,4.2626799,0.06892589,5.7037825,7.6533333,13
699,tattoo,3895,154,563,1,0,0,1.6094379,0.03374042,6.3332796,6.9040853,16
700,tattoo designs,4197,154,600,2,0,0,0.69314718,0.0468915,6.3969297,6.9716667,16
701,wirefly,2120,154,269,1,0,0,3.6109179,0.04440814,5.5947114,7.8475836,11
702,chevy,6524,153,944,1,0,0,1.6094379,0.02473158,6.8501262,6.9025424,2
703,free samples,3662,153,527,2,0,0,2.944439,0.03403676,6.2672005,6.9316888,6
704,grocery coupons,2684,153,336,2,0,0,4.1431347,0.06038948,5.8171112,7.9434524,8
705,halloween,7886,153,1134,1,0,0,0.69314718,0.02613916,7.0335065,6.9462081,16
706,ipods,2275,153,286,1,1,0,3.3322045,0.04655435,5.6559918,7.9090909,11
707,mac,3179,153,464,1,0,0,1.3862944,0.04819998,6.1398846,6.825431,11
708,mega million,2957,153,484,2,0,0,2.6390573,0.02016987,6.1820849,6.0578512,0
709,names,2791,153,409,1,0,0,0.69314718,0.03004967,6.0137152,6.8166259,6
710,the biggest lose,3342,153,425,3,0,0,2.0794415,0.04093848,6.0520892,7.8235294,3
711,mrsa,2545,152,373,1,0,0,0.69314718,0.03608769,5.9215784,6.7882038,12
712,sidestep,2878,152,365,1,0,0,2.7725887,0.00722417,5.8998974,7.8767123,14
713,transformers,7247,152,1050,1,0,0,1.9459101,0.02077222,6.9565454,6.8933333,5
714,aloha airlines,2942,151,373,2,0,1,2.8903718,0.03715887,5.9215784,7.8713137,4
715,hotel,2543,151,323,1,0,0,3.6375862,0.04501787,5.7776523,7.8544892,4
716,limited too,3256,151,502,2,1,0,3.5553481,0.03846957,6.2186001,6.4760956,8
717,fire fox,2088,150,263,2,1,0,1.6094379,0.07500076,5.572154,7.8935361,11
718,nj lottery,5276,150,1817,2,0,0,2.5649494,0.03736125,7.5049421,2.8981838,0
719,adam and eve,1884,149,267,3,0,0,2.0794415,0.08402812,5.5872487,7.0337079,15
720,dhl tracking,4401,149,566,2,1,0,3.8066625,0.02660176,6.3385941,7.754417,10
721,florida lottery,5320,149,2096,2,0,1,2.7725887,0.02628543,7.647786,2.5348282,0
722,hurricane dean,14536,149,2916,2,0,1,0,0.01945127,7.9779681,4.983882,18
723,i tunes,3924,149,498,2,0,0,2.8903718,0.02921497,6.2106001,7.8634538,0
724,news,13463,149,2065,1,0,0,1.6094379,0.01110463,7.6328855,6.51477,18
725,remax,13149,149,3205,1,0,0,3.0910425,0.01188753,8.0724674,4.1017161,10
726,blair,2320,148,296,1,0,0,2.4849067,0.06245973,5.6903595,7.8209459,19
727,cbs,21466,148,4859,1,1,0,2.0794415,0.00967036,8.4885879,4.417164,3
728,merv griffin,1925,148,415,2,0,1,1.7917595,0.06102787,6.0282785,4.6385542,3
729,quest,3176,148,401,1,0,0,1.0986123,0.03209842,5.9939614,7.9027431,19
730,rent a center,3122,148,396,3,1,1,3.6635616,0.06749435,5.9814142,7.8838384,10
731,you tube,88779,148,43347,2,1,0,0.69314718,0.0043324,10.676993,2.0479157,15
732,adult toys,2001,147,258,2,0,0,2.4849067,0.07684747,5.5529596,7.7015504,8
733,apple store,2769,147,354,2,1,0,5.2203558,0.05261358,5.8692969,7.7909605,8
734,credit score,1712,147,215,2,0,0,2.3025851,0.09095185,5.370638,7.8930233,9
735,free wallpaper,3946,147,498,2,0,0,1.0986123,0.04550286,6.2106001,7.9116466,6
736,herpes,3385,147,429,1,0,0,1.3862944,0.0392075,6.0614569,7.8624709,12
737,citicard,1971,146,249,1,0,0,3.3322045,0.03716401,5.5174529,7.875502,9
738,work at home,2406,146,303,3,0,1,2.1972246,0.05067699,5.7137328,7.9009901,9
739,century21,2437,145,350,1,1,0,3.2580965,0.05837713,5.8579332,6.94,10
740,cholesterol,2314,145,291,1,0,0,0.69314718,0.06290532,5.6733233,7.8762887,12
741,greyhound bus,3912,145,568,2,1,0,2.6390573,0.03149727,6.3421214,6.8820423,18
742,ms,2817,145,409,1,0,0,2.3978953,0.05919091,6.0137152,6.8435208,11
743,spider solitaire,2230,145,293,2,0,0,1.0986123,0.05826702,5.6801726,7.5802048,5
744,hot topic,3814,144,558,2,0,0,3.2958369,0.04202524,6.324359,6.8154122,15
745,ltd,3161,144,458,1,0,0,2.4849067,0.01366631,6.1268692,6.8820961,9
746,nokia,7592,144,1108,1,1,0,2.4849067,0.01149844,7.0103119,6.8285199,11
747,adidas,4104,143,519,1,1,0,3.2188758,0.03828377,6.2519039,7.894027,17
748,checks unlimited,2305,143,294,2,0,0,4.5108595,0.06781829,5.6835798,7.8197279,9
749,the gap,1582,143,298,2,1,1,2.0794415,0.08882501,5.6970935,5.3020134,8
750,myspace music,5456,142,815,2,1,0,1.0986123,0.00881841,6.7031881,6.6785276,0
751,hp computers,2118,141,267,2,1,0,3.4657359,0.06551191,5.5872487,7.8801498,11
752,jet blue airline,2497,141,317,3,1,0,3.4011974,0.04820505,5.7589018,7.851735,4
753,loans,4137,141,598,1,0,0,2.6390573,0.03063031,6.3935908,6.8913043,9
754,orbit,1416,141,178,1,0,0,2.1972246,0.05933762,5.1817836,7.8932584,18
755,bejeweled,4622,140,590,1,0,0,1.6094379,0.03183768,6.3801225,7.8186441,5
756,carnival cruise,7039,140,893,2,1,0,3.4657359,0.02892529,6.7945866,7.8667413,4
757,powerball number,5102,140,1002,2,0,0,2.3025851,0.0261118,6.9097533,5.0858283,0
758,scrabble,2335,140,298,1,1,0,2.4849067,0.04876516,5.6970935,7.795302,5
759,air tran,10179,139,1292,2,0,0,3.0910425,0.01926642,7.1639467,7.871517,4
760,cadillac,5196,139,655,1,1,1,2.3978953,0.02839411,6.4846352,7.9114504,2
761,golf clubs,2255,139,288,2,0,1,2.9957323,0.04660989,5.6629605,7.8090278,17
762,khols,1671,139,417,1,0,0,3.2188758,0.0943437,6.0330862,3.9976019,8
763,the secret,2751,139,401,2,1,0,2.6390573,0.03056793,5.9939614,6.8503741,19
764,toysrus,7725,139,1351,1,0,0,3.6375862,0.00810512,7.2086003,5.7105848,8
765,dillards,18509,138,3227,1,1,0,3.5263605,0.01183374,8.0793082,5.7325689,8
766,garmin gps,2814,138,357,2,1,0,2.7725887,0.04156156,5.8777358,7.8487395,18
767,juicy couture,3052,138,390,2,1,0,3.5263605,0.04099033,5.9661467,7.8025641,16
768,chicago,3676,137,526,1,0,0,2.3025851,0.03161403,6.2653012,6.9638783,14
769,lufthansa,2711,137,345,1,0,0,3.0910425,0.05624207,5.8435444,7.8492754,4
770,safeway,3617,137,541,1,1,0,3.4657359,0.03532931,6.2934193,6.6709797,8
771,89,2781,136,1180,1,0,0,1.3862944,0.02358165,7.0732697,2.3389831,19
772,address search,2448,136,310,2,0,0,1.6094379,0.06749044,5.7365723,7.8548387,10
773,ask a question,2220,136,293,3,0,0,2.7725887,0.01680219,5.6801726,7.5392491,7
774,carmax,16864,136,2463,1,1,0,2.9957323,0.00897164,7.8091354,6.8432806,2
775,garage doors,2006,136,254,2,0,0,2.9957323,0.06531029,5.5373343,7.8464567,13
776,mail,9213,136,2416,1,0,0,2.3978953,0.00742164,7.7898686,3.8104305,11
777,obituaries,3390,136,487,1,0,0,3.0910425,0.03738615,6.1882641,6.936345,10
778,utah miners,9601,136,1933,2,0,1,1.3862944,0.03063719,7.5668285,4.9668908,18
779,curves,2959,135,426,1,1,0,1.7917595,0.04664142,6.0544393,6.9389671,1
780,dave ramsey,3029,135,395,2,0,1,2.1972246,0.04930091,5.9788858,7.6531646,0
781,encarta,10718,135,1915,1,0,0,3.0445224,0.01018526,7.5574729,5.5906005,6
782,microsoft update,7330,135,1055,2,1,0,2.0794415,0.01776106,6.961296,6.9421801,11
783,ross,2120,135,306,1,0,0,2.4849067,0.03946769,5.7235851,6.8856209,19
784,avg free downloa,2214,134,316,3,0,0,1.7917595,0.05560479,5.7557422,6.9746835,11
785,suntrust,12096,134,1758,1,0,0,2.8903718,0.01052773,7.4719321,6.874289,9
786,azureus,2227,133,421,1,0,0,0.69314718,0.06269912,6.0426328,5.2707838,11
787,buick,3909,133,562,1,1,0,3.0910425,0.0344975,6.3315018,6.9501779,2
788,iq test,2225,133,286,2,0,0,0,0.05787057,5.6559918,7.7517483,19
789,menopause,2578,133,323,1,0,0,0,0.05314826,5.7776523,7.9287926,12
790,mls listings,2504,133,317,2,0,0,3.4339872,0.03960442,5.7589018,7.8895899,10
791,used trucks,1525,133,191,2,0,0,4.0253517,0.0712944,5.2522734,7.921466,2
792,weather forecast,3593,133,469,2,0,0,2.1972246,0.02144189,6.1506028,7.6332623,18
793,mini cooper,2642,132,333,2,1,1,2.944439,0.04407766,5.8081425,7.9249249,2
794,reverse director,2527,132,319,2,0,0,2.4849067,0.04175685,5.7651911,7.8871473,10
795,tractor supply,4473,132,761,2,0,1,3.3672958,0.04034713,6.6346334,5.8725361,2
796,blackberry,4195,131,605,1,1,0,2.3025851,0.02917244,6.4052285,6.9206612,11
797,cablevision,2703,131,349,1,0,0,3.4965076,0.05320468,5.8550719,7.7191977,9
798,chanel,1773,131,390,1,1,0,2.3025851,0.07106486,5.9661467,4.5128205,16
799,lumber liquidato,2922,131,387,2,0,0,3.6635616,0.04477331,5.9584247,7.5348837,13
800,musicians friend,3398,131,646,2,0,0,3.9512437,0.04127343,6.4707995,5.249226,8
801,ohio lottery,8475,131,1993,2,0,1,2.3978953,0.02253816,7.5973963,4.2483693,0
802,orbits,1829,131,230,1,0,0,2.5649494,0.06389521,5.4380793,7.9130435,18
803,texas lottery,11257,131,2131,2,0,1,1.3862944,0.02303177,7.6643466,5.2806194,0
804,wal mart shoppin,2340,131,321,3,0,1,3.8501476,0.03359402,5.7714411,7.2492212,8
805,walmart stores,5613,131,940,2,1,0,3.5835189,0.03170267,6.8458799,5.9648936,8
806,wedding favors,2373,131,300,2,0,0,3.2580965,0.05608502,5.7037825,7.87,16
807,world market,2554,131,408,2,0,0,4.7706846,0.06214315,6.0112672,6.247549,9
808,air france,2740,130,393,2,1,0,2.5649494,0.05140039,5.9738096,6.9414758,4
809,calender,3379,130,490,1,0,0,1.7917595,0.02284713,6.1944054,6.8795918,19
810,coke rewards,2256,130,284,2,0,0,3.2580965,0.04167987,5.6489742,7.9190141,9
811,ipod nano,2717,130,348,2,1,0,2.0794415,0.03842729,5.8522025,7.7873563,11
812,passports,4975,130,632,1,0,0,1.6094379,0.01882819,6.4488894,7.8623418,7
813,public records,1602,130,230,2,0,0,2.1972246,0.08826365,5.4380793,6.9,7
814,xbox 360,4742,130,606,2,1,0,2.944439,0.0273717,6.40688,7.8052805,5
815,albertsons,3086,129,521,1,1,0,3.2580965,0.04769104,6.25575,5.9078695,8
816,citibank,22662,129,3289,1,1,0,2.7725887,0.0075707,8.0983388,6.8881119,9
817,franklin covey,2158,129,274,2,0,1,2.8903718,0.06243933,5.6131281,7.8540146,19
818,phonebook,1360,129,173,1,0,0,3.1780538,0.04957648,5.1532916,7.8323699,10
819,verizon phones,1514,129,191,2,1,0,3.3322045,0.026639,5.2522734,7.8638743,11
820,apartment finder,2190,128,278,2,0,0,4.3040651,0.063673,5.6276211,7.8381295,10
821,free pogo games,2951,128,376,3,0,0,1.9459101,0.03823576,5.9295891,7.8031915,5
822,galls,1197,128,299,1,0,0,2.5649494,0.11747202,5.7004436,3.9866221,1
823,nintendo ds,1967,128,245,2,1,0,3.3672958,0.05414718,5.5012582,7.9387755,5
824,target,21941,128,3369,1,1,0,3.3322045,0.00822721,8.1223712,6.5117245,8
825,us post office,4624,128,827,3,0,1,3.7612001,0.01439983,6.7178047,5.5864571,10
826,avg antivirus,2082,127,299,2,0,0,2.3025851,0.05190376,5.7004436,6.9464883,11
827,currency exchang,6450,127,816,2,0,0,2.1972246,0.02707903,6.7044144,7.8811275,9
828,dominoes pizza,2435,127,317,2,1,0,4.8675345,0.02616157,5.7589018,7.6561514,14
829,jjill,1095,127,218,1,0,0,3.6109179,0.11838082,5.3844951,5.0137615,8
830,mahjong,2816,127,357,1,0,0,0.69314718,0.04730825,5.8777358,7.8711485,5
831,roamans,1509,127,191,1,0,0,3.871201,0.09241414,5.2522734,7.8691099,8
832,text twist,5708,127,760,2,0,0,1.6094379,0.02728345,6.6333184,7.5026316,5
833,children's place,2912,126,381,2,0,0,2.9957323,0.05234258,5.9427994,7.6404199,8
834,desktop wallpape,3531,126,446,2,0,0,0.69314718,0.03398256,6.100319,7.8946188,6
835,family tree,2088,126,264,2,0,0,0.69314718,0.0607956,5.5759491,7.8598485,19
836,halloween costum,2074,126,289,2,0,0,2.9957323,0.05647388,5.6664267,7.1418685,16
837,laptops,2579,126,373,1,0,0,2.9957323,0.04000588,5.9215784,6.8900804,11
838,texas lotto,5963,126,1143,2,0,1,1.0986123,0.01881478,7.0414117,5.2090989,0
839,addresses,1594,125,202,1,0,0,1.6094379,0.04381899,5.3082677,7.8316832,10
840,dex online,5630,125,741,2,0,0,2.3025851,0.02516329,6.6080006,7.5924426,15
841,dollar rent a ca,2308,125,291,4,1,0,4.7273878,0.055229,5.6733233,7.9140893,2
842,dresses,2986,125,381,1,0,0,3.5835189,0.02880917,5.9427994,7.8110236,16
843,experian,5195,125,657,1,0,0,3.0910425,0.02415956,6.487684,7.891933,9
844,gas prices,3333,125,421,2,1,0,4.1896547,0.04050867,6.0426328,7.9073634,2
845,jcwhitney,869,125,249,1,0,0,3.8501476,0.14697203,5.5174529,3.4698795,2
846,medical dictiona,6692,125,970,2,0,0,1.6094379,0.01680457,6.8772961,6.8907216,6
847,penske,1865,125,246,1,0,0,2.9957323,0.06904226,5.5053315,7.5569106,2
848,us postal servic,8616,125,1540,3,0,0,4.1271344,0.00868836,7.3395377,5.5909091,10
849,world map,9152,125,1324,2,0,0,1.9459101,0.00941398,7.1884127,6.9070997,18
850,acrobat,1089,124,155,1,1,0,2.1972246,0.05336419,5.0434251,6.9419355,11
851,bedroom furnitur,2353,124,300,2,0,0,3.7612001,0.05478765,5.7037825,7.83,13
852,dodge trucks,1962,124,248,2,1,1,2.7080502,0.06769362,5.5134287,7.8870968,2
853,finishline,2491,124,325,1,0,0,3.1354942,0.05736908,5.7838252,7.6523077,17
854,playhouse disney,5682,124,1453,2,1,0,1.0986123,0.0082775,7.2813857,3.9029594,17
855,scrapbooking,2551,124,320,1,0,0,2.944439,0.04390074,5.768321,7.93125,16
856,webmd,46727,124,8584,1,1,0,0,0.00688667,9.0576553,5.4424511,12
857,guess,3095,123,392,1,1,0,3.2188758,0.04265365,5.9712618,7.8852041,17
858,michigan lottery,7301,123,1476,2,0,1,0.69314718,0.02645732,7.297091,4.9444444,0
859,msn chat,6179,123,1274,2,1,0,2.0794415,0.0139775,7.1499168,4.8430141,11
860,tickets,3091,123,390,1,0,0,4.3820266,0.04180147,5.9661467,7.9076923,14
861,bluebook,2003,122,256,1,0,0,4.2904594,0.05967408,5.5451774,7.7890625,2
862,contacts,1175,122,147,1,0,0,3.0910425,0.07774569,4.9904326,7.877551,7
863,fafsa,12304,122,1574,1,0,0,2.0794415,0.01185093,7.3613754,7.8113088,7
864,invitations,2307,122,295,1,0,0,2.5649494,0.04727965,5.6869754,7.7932203,16
865,myspace graphics,6066,122,1186,2,1,0,0,0.01125651,7.0783416,5.1070826,6
866,scabies,2075,122,263,1,0,0,0.69314718,0.05103316,5.572154,7.851711,12
867,bell south,2677,121,388,2,1,1,3.2188758,0.02737929,5.9610053,6.8737113,11
868,credit reports,1895,121,237,2,0,0,2.6390573,0.07103271,5.4680601,7.9409283,9
869,gander mountain,5933,121,928,2,0,0,4.0943446,0.00925484,6.8330317,6.3846983,17
870,infiniti,2769,121,400,1,1,0,2.8332133,0.06064785,5.9914645,6.905,2
871,food network,33786,120,5817,2,0,0,1.6094379,0.00492969,8.6685399,5.8069452,1
872,free java downlo,2450,120,353,3,0,0,0.69314718,0.01225348,5.8664681,6.9065156,11
873,honda cars,2568,120,325,2,1,0,2.9957323,0.03820828,5.7838252,7.8769231,2
874,ins,3731,120,474,1,0,0,2.7080502,0.02944372,6.1612073,7.8544304,9
875,kevin trudeau,2207,120,280,2,0,0,2.3025851,0.05513127,5.6347896,7.8642857,1
876,peoplepc,4408,120,562,1,1,0,3.7135721,0.02834747,6.3315018,7.8327402,11
877,real arcade,1887,120,239,2,1,1,2.944439,0.07079567,5.4764636,7.8870293,5
878,tv guide,16194,120,3022,2,1,0,1.3862944,0.01018416,8.0136741,5.3577101,3
879,adt,2025,119,262,1,0,0,2.8332133,0.06273565,5.5683445,7.6832061,9
880,kelly bluebook,3217,119,409,2,0,1,4.8362819,0.05477279,6.0137152,7.8459658,2
881,people magazine,26073,119,4978,2,0,0,1.9459101,0.00613058,8.5127835,5.2354359,3
882,us bank,28001,119,4184,2,0,0,3.0445224,0.00519999,8.339023,6.6909656,9
883,craig list,6720,118,1201,2,0,1,2.0794415,0.01282074,7.0909098,5.5861782,10
884,crossword puzzle,4207,118,544,2,0,0,0.69314718,0.02689834,6.2989492,7.71875,5
885,curcuit city,1619,118,227,2,0,0,2.8332133,0.06104436,5.42495,7.0440529,10
886,depression,3084,118,395,1,0,0,0.69314718,0.03826297,5.9788858,7.7848101,12
887,mitsubishi,3885,118,559,1,1,0,2.4849067,0.03149314,6.3261495,6.9391771,2
888,palm,2112,118,303,1,1,0,1.6094379,0.05440739,5.7137328,6.9636964,4
889,rand mcnally,6405,118,1044,2,0,0,2.944439,0.02549012,6.9508148,6.1302682,18
890,saks fifth avenu,2547,118,356,3,1,0,3.4339872,0.05765296,5.8749307,7.1460674,8
891,tatoos,3241,118,540,1,0,0,0.69314718,0.01779694,6.2915691,5.9851852,16
892,thrifty,1972,118,262,1,0,0,2.9957323,0.06629231,5.5683445,7.5152672,2
893,unclaimed money,1077,118,134,2,0,0,1.0986123,0.10305553,4.8978398,7.8880597,7
894,cosco,3797,117,483,1,0,0,2.8903718,0.0188303,6.1800167,7.8530021,8
895,fibromyalgia,3833,117,483,1,0,0,0,0.0312712,6.1800167,7.9151139,12
896,free avg,2209,117,316,2,0,0,0.69314718,0.05532804,5.7557422,6.9651899,11
897,free people find,1967,117,249,3,0,0,2.6390573,0.03416339,5.5174529,7.8634538,6
898,head lice,2017,117,256,2,0,0,0.69314718,0.05698683,5.5451774,7.8164063,16
899,hot tubs,1674,117,210,2,0,0,2.8332133,0.06581572,5.3471075,7.9380952,13
900,napa,6570,117,957,1,0,0,2.4849067,0.01534131,6.8638034,6.8578892,4
901,walmart jobs,2694,117,386,2,1,0,2.7725887,0.03821685,5.9558374,6.9507772,8
902,walt disney worl,5791,117,834,3,0,0,2.4849067,0.02923947,6.7262334,6.9352518,17
903,wigs,2216,117,281,1,0,0,3.3322045,0.04555593,5.6383547,7.8540925,16
904,avenue,1903,116,248,1,0,0,2.6390573,0.06474909,5.5134287,7.641129,8
905,singles,1750,116,224,1,1,0,1.9459101,0.01964656,5.4116461,7.7901786,6
906,winmx,1564,116,201,1,0,0,1.0986123,0.07382637,5.3033049,7.7462687,11
907,apartment guide,2399,115,303,2,0,0,3.8066625,0.04961219,5.7137328,7.8910891,10
908,ask jeeves,2825,115,922,2,0,0,2.0794415,0.01061238,6.8265452,3.0585683,6
909,chess,2536,115,322,1,0,0,1.6094379,0.04948875,5.7745515,7.8354037,5
910,super 8 motel,1950,115,249,3,0,0,2.3978953,0.05216973,5.5174529,7.815261,4
911,usa3000,2718,115,350,1,0,0,3.3322045,0.0324021,5.8579332,7.7542857,4
912,zillow home valu,1728,115,251,3,0,1,3.8501476,0.03502887,5.5254529,6.8326693,10
913,davids bridal,8289,114,1101,2,1,0,3.0910425,0.01374719,7.0039741,7.5222525,16
914,discovercard,3105,114,446,1,0,0,3.7376696,0.04173336,6.100319,6.9529148,9
915,espn sports,9109,114,1332,2,1,0,1.9459101,0.00767245,7.1944369,6.8310811,14
916,irs,17311,114,2541,1,0,0,3.5263605,0.01244147,7.840313,6.8091303,7
917,my aol email,7235,114,923,3,0,0,1.3862944,0.01178968,6.8276292,7.8299025,11
918,new balance,2692,114,340,2,1,0,3.6375862,0.04596517,5.8289456,7.8970588,17
919,argos,1913,113,614,1,0,0,2.8903718,0.06667427,6.4199949,3.1074919,13
920,bipolar,2224,113,283,1,1,0,1.3862944,0.06180213,5.6454469,7.8162544,12
921,birth certificat,1423,113,178,2,0,0,2.3978953,0.06715122,5.1817836,7.9325843,7
922,cartoon,6256,113,951,1,0,0,1.3862944,0.0136283,6.8575141,6.5657203,3
923,earth,3076,113,390,1,0,0,0,0.02718551,5.9661467,7.8589744,18
924,naruto,11669,113,1726,1,0,0,1.0986123,0.00843063,7.4535619,6.7537659,3
925,niagara falls,3218,113,408,2,0,0,2.5649494,0.03451063,6.0112672,7.8651961,4
926,sheraton hotels,2118,113,268,2,1,0,2.3025851,0.05822496,5.590987,7.880597,4
927,amtrak,19241,112,3251,1,1,0,2.9957323,0.00872626,8.0867179,5.9184866,18
928,ceiling fans,1500,112,190,2,0,0,2.9957323,0.07255375,5.2470241,7.8526316,13
929,disney cruise,2603,112,331,2,1,0,2.8903718,0.04223074,5.8021184,7.836858,4
930,dreams,3249,112,421,1,0,0,1.7917595,0.01651737,6.0426328,7.6983373,19
931,metro pcs,3286,112,414,2,1,0,3.5835189,0.03768078,6.025866,7.9130435,11
932,nextel phones,2400,112,303,2,1,0,3.0445224,0.0316272,5.7137328,7.8877888,11
933,nfl schedule,4895,112,709,2,1,0,2.1972246,0.01541414,6.5638555,6.8970381,14
934,peoplefinder,1134,112,143,1,0,0,2.3978953,0.06599458,4.9628446,7.8951049,10
935,pep boys,7096,112,1186,2,1,0,4.1431347,0.01717547,7.0783416,5.9780776,2
936,phone number,1448,112,181,2,0,0,2.944439,0.06647086,5.198497,7.9502762,10
937,speed test,5027,112,635,2,0,0,1.3862944,0.02196975,6.453625,7.903937,11
938,trapped miners,1255,112,373,2,0,0,0.69314718,0.04560314,5.9215784,3.3565684,18
939,usps,38850,112,7339,1,1,0,3.9702919,0.00676379,8.9009579,5.2933642,10
940,visa,2175,112,273,1,0,0,3.2580965,0.04307215,5.6094718,7.9267399,9
941,vista print,1723,112,220,2,0,1,3.7376696,0.0673467,5.3936275,7.8045455,6
942,comcast home pag,5340,111,909,3,1,1,2.8903718,0.01401069,6.8123451,5.8668867,11
943,dominoes,1668,111,248,1,0,0,2.3978953,0.01331603,5.5134287,6.7137097,5
944,modells,1119,111,261,1,0,0,3.5553481,0.09292169,5.5645204,4.2643678,8
945,seventh avenue,1442,111,303,2,0,0,3.3322045,0.08284121,5.7137328,4.7425743,10
946,wedding gowns,2329,111,294,2,0,0,2.8903718,0.05312988,5.6835798,7.8843537,16
947,allegiant,1740,110,223,1,0,0,2.4849067,0.07239859,5.4071718,7.7892377,4
948,bedding,2496,110,323,1,0,0,3.7376696,0.02970037,5.7776523,7.7089783,8
949,contact lenses,1437,110,181,2,0,0,3.4657359,0.07733125,5.198497,7.878453,16
950,dish,2918,110,370,1,0,0,2.8903718,0.05570896,5.913503,7.8783784,1
951,nationwide,3257,110,472,1,1,0,3.1354942,0.0333449,6.156979,6.8877119,9
952,nissan cars,1874,110,266,2,1,0,3.3672958,0.05462573,5.5834963,7,2
953,peoplesearch,1122,110,143,1,0,0,1.3862944,0.0754659,4.9628446,7.7762238,6
954,plane tickets,1480,110,187,2,0,0,4.8903491,0.04564582,5.2311086,7.8877005,4
955,ringworm,2011,110,289,1,0,0,0.69314718,0.04971765,5.6664267,6.9342561,12
956,yahoo email,31817,110,6339,2,0,0,1.7917595,0.01320671,8.7544763,5.0181417,11
957,aaa travel,1692,109,280,2,1,0,2.4849067,0.06569031,5.6347896,6.0357143,4
958,advanced auto,1363,109,213,2,1,0,3.7612001,0.08649054,5.3612922,6.3849765,2
959,coach outlet,1977,109,250,2,1,0,4.0253517,0.05867391,5.5214609,7.888,8
960,msc,2939,109,423,1,0,0,1.6094379,0.0351522,6.0473722,6.9338061,7
961,multiple scleros,3193,109,408,2,0,0,0,0.0349268,6.0112672,7.8063725,12
962,nada blue book,2414,109,348,3,1,0,4.4188406,0.06737313,5.8522025,6.8965517,2
963,spanx,2748,109,347,1,1,0,3.5263605,0.04083116,5.8493248,7.8904899,16
964,wills,944,109,121,1,0,0,1.3862944,0.08665976,4.7957905,7.677686,7
965,zuma,3261,109,411,1,0,0,1.6094379,0.03537038,6.0185932,7.9099757,5
966,bar stools,1382,108,176,2,0,0,3.4965076,0.0790088,5.170484,7.8011364,13
967,chantix,2602,108,511,1,0,0,3.4657359,0.042431,6.2363696,5.0861057,12
968,cigna,3449,108,496,1,0,0,2.7080502,0.03226555,6.2065759,6.9274194,7
969,enterprise renta,4428,108,562,2,1,1,3.6375862,0.06035572,6.3315018,7.8718861,2
970,florida lotto,3291,108,1023,2,0,1,1.6094379,0.02457825,6.9304948,3.2091887,0
971,j crew,3002,108,515,2,0,0,3.3322045,0.02479264,6.2441669,5.823301,16
972,kodak gallery,3772,108,559,2,1,1,3.4657359,0.02896172,6.3261495,6.7423971,6
973,lows,1010,108,148,1,0,0,1.3862944,0.06727445,4.9972123,6.7905405,18
974,morpheus,1906,108,272,1,0,0,1.6094379,0.05696143,5.6058021,6.9816176,19
975,motels,1747,108,224,1,0,0,3.4965076,0.07919629,5.4116461,7.7544643,4
976,short hair style,4825,108,698,3,0,0,1.0986123,0.025113,6.5482191,6.9040115,16
977,transunion,3160,108,400,1,0,0,2.8332133,0.03172686,5.9914645,7.89,9
978,as seen on tv,2933,107,372,4,0,0,3.9318256,0.03437974,5.9188939,7.8682796,8
979,bad credit loans,2240,107,321,3,0,0,2.3978953,0.04272146,5.7714411,6.9470405,9
980,columbia house,2298,107,294,2,0,1,3.3672958,0.04963942,5.6835798,7.7993197,10
981,cycle trader,3204,107,413,2,0,0,4.3944492,0.02711424,6.0234476,7.7360775,2
982,football,4631,107,670,1,0,0,2.8332133,0.01486035,6.5072777,6.8791045,14
983,houses for sale,1573,107,201,3,0,0,4.7184989,0.03763354,5.3033049,7.7910448,10
984,i phone,2155,107,280,2,0,0,3.1354942,0.04351464,5.6347896,7.6571429,11
985,lamps plus,1441,107,188,2,1,0,4.2904594,0.07856688,5.236442,7.6170213,13
986,log homes,1729,107,218,2,0,0,1.6094379,0.05797716,5.3844951,7.8899083,13
987,napster,1246,107,669,1,0,0,2.7080502,0.08759934,6.5057841,1.8550075,0
988,optimum online,3260,107,596,2,0,0,3.7841896,0.03583005,6.3902407,5.4597315,11
989,public storage,2233,107,286,2,0,0,2.3025851,0.04986618,5.6559918,7.8006993,13
990,resume templates,2036,107,256,2,0,0,0.69314718,0.07096487,5.5451774,7.890625,6
991,southwest airlin,7215,107,1017,2,1,0,2.8332133,0.01222603,6.9246124,7.0894789,4
992,united airline,1726,107,219,2,1,0,3.4011974,0.05088958,5.3890717,7.8721461,4
993,video,6193,107,902,1,0,0,1.0986123,0.01491231,6.8046145,6.845898,3
994,wells fargo onli,5007,107,643,3,0,1,3.5553481,0.00619248,6.4661447,7.7698289,9
995,wet seal,2515,107,466,2,0,0,3.5553481,0.05118184,6.1441856,5.388412,8
996,windows update,15848,107,2315,2,0,0,2.5649494,0.00871279,7.747165,6.8440605,11
997,costco wholesale,3801,106,550,2,1,0,3.6635616,0.01052862,6.3099183,6.8963636,8
998,digital cameras,2547,106,374,2,0,0,3.7376696,0.04372187,5.9242558,6.7834225,13
999,exchange rates,3105,106,399,2,0,0,2.3978953,0.02496817,5.9889614,7.7518797,9
1000,free radio,1865,106,245,2,0,0,1.6094379,0.04593013,5.5012582,7.5795918,0